v 0.25 0.002 0.05
v 0.25 0.002 0
v 0.25 0.048 0.05
v 0.25 0 0.048
v 0.25 0.05 0.048
v 0.25 0.048 0
v 0.25 0.05 0.002
v 0.25 0 0.002
v 0 0.041569825 0.023368014
v 0 0.05 0.002
v 0 0.041330077 0.021751747
v 0 0.04165 0.025
v 0 0.040933058 0.02016676
v 0 0.040382594 0.018628322
v 0 0.03968399 0.017151244
v 0 0.03884397 0.015749756
v 0 0.037870623 0.014437351
v 0 0.036773328 0.013226672
v 0 0.048 0
v 0 0.03556265 0.012129376
v 0 0.034250244 0.011156031
v 0 0.032848757 0.010316011
v 0 0.03137168 0.009617406
v 0 0.02983324 0.009066943
v 0 0.028248254 0.008669925
v 0 0.025 0.00835
v 0 0.026631985 0.008430175
v 0 0.002 0
v 0 0.023368014 0.008430175
v 0 0.02016676 0.009066943
v 0 0.018628322 0.009617406
v 0 0.021751747 0.008669925
v 0 0.017151244 0.010316011
v 0 0.015749756 0.011156031
v 0 0.014437351 0.012129376
v 0 0.013226672 0.013226672
v 0 0 0.002
v 0 0.012129376 0.014437351
v 0 0.011156031 0.015749756
v 0 0.010316011 0.017151244
v 0 0.009617406 0.018628322
v 0 0.009066943 0.02016676
v 0 0.008430175 0.023368014
v 0 0.008669925 0.021751747
v 0 0.00835 0.025
v 0 0.008669925 0.028248254
v 0 0.008430175 0.026631985
v 0 0 0.048
v 0 0.009066943 0.02983324
v 0 0.009617406 0.03137168
v 0 0.010316011 0.032848757
v 0 0.011156031 0.034250244
v 0 0.012129376 0.03556265
v 0 0.013226672 0.036773328
v 0 0.002 0.05
v 0 0.014437351 0.037870623
v 0 0.015749756 0.03884397
v 0 0.017151244 0.03968399
v 0 0.018628322 0.040382594
v 0 0.02016676 0.040933058
v 0 0.021751747 0.041330077
v 0 0.023368014 0.041569825
v 0 0.025 0.04165
v 0 0.028248254 0.041330077
v 0 0.026631985 0.041569825
v 0 0.048 0.05
v 0 0.02983324 0.040933058
v 0 0.03137168 0.040382594
v 0 0.032848757 0.03968399
v 0 0.034250244 0.03884397
v 0 0.03556265 0.037870623
v 0 0.036773328 0.036773328
v 0 0.05 0.048
v 0 0.037870623 0.03556265
v 0 0.03884397 0.034250244
v 0 0.03968399 0.032848757
v 0 0.040382594 0.03137168
v 0 0.040933058 0.02983324
v 0 0.041330077 0.028248254
v 0 0.041569825 0.026631985
v 0.18144101 0.023910785 0.05
v 0.158559 0.023910785 0.05
v 0.18160102 0.022832058 0.05
v 0.1813875 0.025 0.05
v 0.15839897 0.022832058 0.05
v 0.181866 0.021774212 0.05
v 0.158134 0.021774212 0.05
v 0.1822334 0.02074743 0.05
v 0.18269965 0.019761603 0.05
v 0.15776661 0.02074743 0.05
v 0.15730035 0.019761603 0.05
v 0.15673971 0.018826226 0.05
v 0.18326029 0.018826226 0.05
v 0.18390992 0.017950304 0.05
v 0.15609008 0.017950304 0.05
v 0.18464227 0.017142275 0.05
v 0.15535772 0.017142275 0.05
v 0.1854503 0.01640992 0.05
v 0.18632622 0.015760293 0.05
v 0.15454969 0.01640992 0.05
v 0.15367377 0.015760293 0.05
v 0.18824743 0.014733389 0.05
v 0.15175258 0.014733389 0.05
v 0.1892742 0.014366001 0.05
v 0.1925 0.0138875 0.05
v 0.19358921 0.0139410095 0.05
v 0.19141078 0.0139410095 0.05
v 0.19466794 0.014101024 0.05
v 0.19572578 0.014366001 0.05
v 0.19675256 0.014733389 0.05
v 0.1977384 0.01519965 0.05
v 0.14858921 0.0139410095 0.05
v 0.19867377 0.015760293 0.05
v 0.19954969 0.01640992 0.05
v 0.20035772 0.017142275 0.05
v 0.20109008 0.017950304 0.05
v 0.14966795 0.014101024 0.05
v 0.2017397 0.018826226 0.05
v 0.20230035 0.019761603 0.05
v 0.20276661 0.02074743 0.05
v 0.19033206 0.014101024 0.05
v 0.203134 0.021774212 0.05
v 0.20339897 0.022832058 0.05
v 0.203559 0.023910785 0.05
v 0.15072578 0.014366001 0.05
v 0.1872616 0.01519965 0.05
v 0.2036125 0.025 0.05
v 0.203559 0.026089216 0.05
v 0.20339897 0.02716794 0.05
v 0.203134 0.028225789 0.05
v 0.20276661 0.02925257 0.05
v 0.20230035 0.030238396 0.05
v 0.2017397 0.031173775 0.05
v 0.20109008 0.032049697 0.05
v 0.20035772 0.032857724 0.05
v 0.19867377 0.034239706 0.05
v 0.1977384 0.03480035 0.05
v 0.19954969 0.03359008 0.05
v 0.19675256 0.03526661 0.05
v 0.19572578 0.035634 0.05
v 0.19466794 0.035898976 0.05
v 0.19358921 0.03605899 0.05
v 0.1925 0.0361125 0.05
v 0.19141078 0.03605899 0.05
v 0.19033206 0.035898976 0.05
v 0.14858921 0.03605899 0.05
v 0.14966795 0.035898976 0.05
v 0.1892742 0.035634 0.05
v 0.15072578 0.035634 0.05
v 0.18824743 0.03526661 0.05
v 0.15175258 0.03526661 0.05
v 0.1872616 0.03480035 0.05
v 0.15273839 0.03480035 0.05
v 0.18632622 0.034239706 0.05
v 0.15367377 0.034239706 0.05
v 0.1854503 0.03359008 0.05
v 0.15454969 0.03359008 0.05
v 0.18464227 0.032857724 0.05
v 0.18390992 0.032049697 0.05
v 0.15535772 0.032857724 0.05
v 0.15609008 0.032049697 0.05
v 0.15673971 0.031173775 0.05
v 0.18326029 0.031173775 0.05
v 0.18269965 0.030238396 0.05
v 0.136441 0.023910785 0.05
v 0.11355899 0.023910785 0.05
v 0.13660103 0.022832058 0.05
v 0.1363875 0.025 0.05
v 0.11339898 0.022832058 0.05
v 0.136866 0.021774212 0.05
v 0.113134 0.021774212 0.05
v 0.13723339 0.02074743 0.05
v 0.13769965 0.019761603 0.05
v 0.11276661 0.02074743 0.05
v 0.11230035 0.019761603 0.05
v 0.1117397 0.018826226 0.05
v 0.13826029 0.018826226 0.05
v 0.13890992 0.017950304 0.05
v 0.11109008 0.017950304 0.05
v 0.13964228 0.017142275 0.05
v 0.110357724 0.017142275 0.05
v 0.1404503 0.01640992 0.05
v 0.14132622 0.015760293 0.05
v 0.109549694 0.01640992 0.05
v 0.10867377 0.015760293 0.05
v 0.14324743 0.014733389 0.05
v 0.10675257 0.014733389 0.05
v 0.1442742 0.014366001 0.05
v 0.1475 0.0138875 0.05
v 0.1025 0.0138875 0.05
v 0.103589214 0.0139410095 0.05
v 0.15273839 0.01519965 0.05
v 0.14641078 0.0139410095 0.05
v 0.10466794 0.014101024 0.05
v 0.14533205 0.014101024 0.05
v 0.1586125 0.025 0.05
v 0.14226161 0.01519965 0.05
v 0.18144101 0.026089216 0.05
v 0.158559 0.026089216 0.05
v 0.15839897 0.02716794 0.05
v 0.18160102 0.02716794 0.05
v 0.158134 0.028225789 0.05
v 0.181866 0.028225789 0.05
v 0.15776661 0.02925257 0.05
v 0.1822334 0.02925257 0.05
v 0.15730035 0.030238396 0.05
v 0.1475 0.0361125 0.05
v 0.14641078 0.03605899 0.05
v 0.1025 0.0361125 0.05
v 0.103589214 0.03605899 0.05
v 0.14533205 0.035898976 0.05
v 0.1442742 0.035634 0.05
v 0.10466794 0.035898976 0.05
v 0.10572579 0.035634 0.05
v 0.14324743 0.03526661 0.05
v 0.10675257 0.03526661 0.05
v 0.14226161 0.03480035 0.05
v 0.1077384 0.03480035 0.05
v 0.14132622 0.034239706 0.05
v 0.10867377 0.034239706 0.05
v 0.1404503 0.03359008 0.05
v 0.13964228 0.032857724 0.05
v 0.109549694 0.03359008 0.05
v 0.110357724 0.032857724 0.05
v 0.11109008 0.032049697 0.05
v 0.13890992 0.032049697 0.05
v 0.13826029 0.031173775 0.05
v 0.1136125 0.025 0.05
v 0.09144101 0.023910785 0.05
v 0.06855899 0.023910785 0.05
v 0.09160102 0.022832058 0.05
v 0.0913875 0.025 0.05
v 0.068398975 0.022832058 0.05
v 0.091866 0.021774212 0.05
v 0.068134 0.021774212 0.05
v 0.09223339 0.02074743 0.05
v 0.09269965 0.019761603 0.05
v 0.067766614 0.02074743 0.05
v 0.06730035 0.019761603 0.05
v 0.06673971 0.018826226 0.05
v 0.093260296 0.018826226 0.05
v 0.09390992 0.017950304 0.05
v 0.06609008 0.017950304 0.05
v 0.094642274 0.017142275 0.05
v 0.06535772 0.017142275 0.05
v 0.095450304 0.01640992 0.05
v 0.096326225 0.015760293 0.05
v 0.06454969 0.01640992 0.05
v 0.06367377 0.015760293 0.05
v 0.09824743 0.014733389 0.05
v 0.06175257 0.014733389 0.05
v 0.09927421 0.014366001 0.05
v 0.101410784 0.0139410095 0.05
v 0.10572579 0.014366001 0.05
v 0.1077384 0.01519965 0.05
v 0.058589216 0.0139410095 0.05
v 0.05966794 0.014101024 0.05
v 0.10033206 0.014101024 0.05
v 0.11355899 0.026089216 0.05
v 0.136441 0.026089216 0.05
v 0.0972616 0.01519965 0.05
v 0.11339898 0.02716794 0.05
v 0.13660103 0.02716794 0.05
v 0.113134 0.028225789 0.05
v 0.136866 0.028225789 0.05
v 0.11276661 0.02925257 0.05
v 0.13723339 0.02925257 0.05
v 0.11230035 0.030238396 0.05
v 0.13769965 0.030238396 0.05
v 0.1117397 0.031173775 0.05
v 0.101410784 0.03605899 0.05
v 0.058589216 0.03605899 0.05
v 0.10033206 0.035898976 0.05
v 0.05966794 0.035898976 0.05
v 0.09927421 0.035634 0.05
v 0.06072579 0.035634 0.05
v 0.09824743 0.03526661 0.05
v 0.06175257 0.03526661 0.05
v 0.0972616 0.03480035 0.05
v 0.062738396 0.03480035 0.05
v 0.096326225 0.034239706 0.05
v 0.06367377 0.034239706 0.05
v 0.095450304 0.03359008 0.05
v 0.094642274 0.032857724 0.05
v 0.06454969 0.03359008 0.05
v 0.06535772 0.032857724 0.05
v 0.09390992 0.032049697 0.05
v 0.06609008 0.032049697 0.05
v 0.093260296 0.031173775 0.05
v 0.0686125 0.025 0.05
v 0.04644101 0.023910785 0.05
v 0.046601024 0.022832058 0.05
v 0.0463875 0.025 0.05
v 0.046866 0.021774212 0.05
v 0.047233388 0.02074743 0.05
v 0.04769965 0.019761603 0.05
v 0.048260294 0.018826226 0.05
v 0.04890992 0.017950304 0.05
v 0.049642276 0.017142275 0.05
v 0.050450306 0.01640992 0.05
v 0.051326226 0.015760293 0.05
v 0.052261602 0.01519965 0.05
v 0.05324743 0.014733389 0.05
v 0.054274213 0.014366001 0.05
v 0.055332057 0.014101024 0.05
v 0.056410786 0.0139410095 0.05
v 0.0575 0.0138875 0.05
v 0.06072579 0.014366001 0.05
v 0.062738396 0.01519965 0.05
v 0.06673971 0.031173775 0.05
v 0.06855899 0.026089216 0.05
v 0.09144101 0.026089216 0.05
v 0.068398975 0.02716794 0.05
v 0.09160102 0.02716794 0.05
v 0.091866 0.028225789 0.05
v 0.068134 0.028225789 0.05
v 0.067766614 0.02925257 0.05
v 0.09223339 0.02925257 0.05
v 0.06730035 0.030238396 0.05
v 0.09269965 0.030238396 0.05
v 0.056410786 0.03605899 0.05
v 0.055332057 0.035898976 0.05
v 0.0575 0.0361125 0.05
v 0.054274213 0.035634 0.05
v 0.05324743 0.03526661 0.05
v 0.052261602 0.03480035 0.05
v 0.051326226 0.034239706 0.05
v 0.050450306 0.03359008 0.05
v 0.049642276 0.032857724 0.05
v 0.04890992 0.032049697 0.05
v 0.048260294 0.031173775 0.05
v 0.04769965 0.030238396 0.05
v 0.047233388 0.02925257 0.05
v 0.046866 0.028225789 0.05
v 0.046601024 0.02716794 0.05
v 0.04644101 0.026089216 0.05
v 0.205 0.037259817 0.022561371
v 0.205 0.0375 0.025
v 0.205 0.03743981 0.023774786
v 0.205 0.036961753 0.021371441
v 0.205 0.036548495 0.020216458
v 0.205 0.036024015 0.019107541
v 0.205 0.03539337 0.018055372
v 0.205 0.03466263 0.017070085
v 0.205 0.033838835 0.016161166
v 0.205 0.032929916 0.015337369
v 0.205 0.03194463 0.0146066295
v 0.205 0.03089246 0.013975984
v 0.205 0.029783543 0.013451505
v 0.205 0.028628558 0.013038246
v 0.205 0.02743863 0.012740184
v 0.205 0.026225215 0.012560191
v 0.205 0.025 0.0125
v 0.205 0.023774786 0.012560191
v 0.205 0.022561371 0.012740184
v 0.205 0.021371441 0.013038246
v 0.205 0.020216458 0.013451505
v 0.205 0.019107541 0.013975984
v 0.205 0.018055372 0.0146066295
v 0.205 0.017070085 0.015337369
v 0.205 0.016161166 0.016161166
v 0.205 0.015337369 0.017070085
v 0.205 0.0146066295 0.018055372
v 0.205 0.013451505 0.020216458
v 0.205 0.013975984 0.019107541
v 0.205 0.013038246 0.021371441
v 0.205 0.012740184 0.022561371
v 0.205 0.012560191 0.023774786
v 0.205 0.0125 0.025
v 0.205 0.012560191 0.026225215
v 0.205 0.012740184 0.02743863
v 0.205 0.013038246 0.028628558
v 0.205 0.013451505 0.029783543
v 0.205 0.013975984 0.03089246
v 0.205 0.0146066295 0.03194463
v 0.205 0.015337369 0.032929916
v 0.205 0.016161166 0.033838835
v 0.205 0.017070085 0.03466263
v 0.205 0.018055372 0.03539337
v 0.205 0.020216458 0.036548495
v 0.205 0.019107541 0.036024015
v 0.205 0.021371441 0.036961753
v 0.205 0.022561371 0.037259817
v 0.205 0.023774786 0.03743981
v 0.205 0.025 0.0375
v 0.205 0.026225215 0.03743981
v 0.205 0.02743863 0.037259817
v 0.205 0.028628558 0.036961753
v 0.205 0.029783543 0.036548495
v 0.205 0.03089246 0.036024015
v 0.205 0.03194463 0.03539337
v 0.205 0.032929916 0.03466263
v 0.205 0.033838835 0.033838835
v 0.205 0.03466263 0.032929916
v 0.205 0.03539337 0.03194463
v 0.205 0.036024015 0.03089246
v 0.205 0.036548495 0.029783543
v 0.205 0.036961753 0.028628558
v 0.205 0.037259817 0.02743863
v 0.205 0.03743981 0.026225215
v 0.04639362 0.025368778 0.03749456
v 0.046484903 0.026468122 0.037413485
v 0.0463875 0.025 0.0375
v 0.04668219 0.027542189 0.03723876
v 0.047001515 0.028642729 0.036957446
v 0.04748121 0.02980745 0.03653856
v 0.04810768 0.03093902 0.035999
v 0.04892754 0.032071114 0.035999
v 0.049883038 0.033091325 0.035999
v 0.05095905 0.03398352 0.035999
v 0.05213855 0.034733575 0.035999
v 0.05340288 0.03532963 0.035999
v 0.054732032 0.03576225 0.035999
v 0.05610498 0.03602459 0.035999
v 0.0575 0.0361125 0.035999
v 0.058895018 0.03602459 0.035999
v 0.060267966 0.03576225 0.035999
v 0.06159712 0.03532963 0.035999
v 0.065116964 0.033091325 0.035999
v 0.06607246 0.032071114 0.035999
v 0.06286145 0.034733575 0.035999
v 0.067367546 0.030110685 0.036407486
v 0.06795594 0.028763087 0.03692011
v 0.0686125 0.025 0.0375
v 0.068544336 0.026228948 0.03743944
v 0.068328924 0.027494418 0.03724859
v 0.06695504 0.030838655 0.036052603
v 0.06689232 0.03093902 0.035999
v 0.06404095 0.03398352 0.035999
v 0.046388242 0.024871284 0.03749934
v 0.046603933 0.022817478 0.037307993
v 0.046430074 0.024028162 0.037462164
v 0.046923157 0.021591483 0.03702631
v 0.04741874 0.020324986 0.03659285
v 0.04810768 0.01906098 0.035999
v 0.04892754 0.017928887 0.035999
v 0.049883038 0.016908674 0.035999
v 0.05095905 0.016016481 0.035999
v 0.05213855 0.015266423 0.035999
v 0.05340288 0.01467037 0.035999
v 0.054732032 0.01423775 0.035999
v 0.05610498 0.013975411 0.035999
v 0.0575 0.0138875 0.035999
v 0.058895018 0.013975411 0.035999
v 0.060267966 0.01423775 0.035999
v 0.06159712 0.01467037 0.035999
v 0.06286145 0.015266423 0.035999
v 0.06404095 0.016016481 0.035999
v 0.065116964 0.016908674 0.035999
v 0.06689232 0.01906098 0.035999
v 0.0670682 0.019348694 0.036149558
v 0.06855756 0.02389635 0.037451185
v 0.06839494 0.022811826 0.037306983
v 0.06810969 0.021695143 0.037055206
v 0.067663886 0.020507444 0.036664773
v 0.06607246 0.017928887 0.035999
v 0.0575 0.03093902 0.035999
v 0.0575 0.01906098 0.035999
v 0.091393605 0.025368236 0.037494577
v 0.09148485 0.026467677 0.037413538
v 0.0913875 0.025 0.0375
v 0.091682225 0.027542312 0.03723874
v 0.09200152 0.028642736 0.036957446
v 0.09248113 0.029807279 0.036538634
v 0.09310768 0.03093902 0.035999
v 0.09392754 0.032071114 0.035999
v 0.09488304 0.033091325 0.035999
v 0.09595905 0.03398352 0.035999
v 0.09713855 0.034733575 0.035999
v 0.09840288 0.03532963 0.035999
v 0.099732034 0.03576225 0.035999
v 0.10110498 0.03602459 0.035999
v 0.1025 0.0361125 0.035999
v 0.103895016 0.03602459 0.035999
v 0.105267964 0.03576225 0.035999
v 0.10659712 0.03532963 0.035999
v 0.11011696 0.033091325 0.035999
v 0.11107246 0.032071114 0.035999
v 0.10786145 0.034733575 0.035999
v 0.112367555 0.030110678 0.036407497
v 0.1129559 0.028763236 0.03692007
v 0.1136125 0.025 0.0375
v 0.11354429 0.026229342 0.037439402
v 0.11332893 0.02749436 0.037248597
v 0.11195504 0.030838655 0.036052607
v 0.11189232 0.03093902 0.035999
v 0.10904095 0.03398352 0.035999
v 0.09138826 0.024870228 0.037499323
v 0.09160392 0.022817545 0.037308
v 0.09143007 0.02402826 0.037462175
v 0.09192314 0.021591507 0.037026312
v 0.09241873 0.020324988 0.03659286
v 0.09310768 0.01906098 0.035999
v 0.09392754 0.017928887 0.035999
v 0.09488304 0.016908674 0.035999
v 0.09595905 0.016016481 0.035999
v 0.09713855 0.015266423 0.035999
v 0.09840288 0.01467037 0.035999
v 0.099732034 0.01423775 0.035999
v 0.10110498 0.013975411 0.035999
v 0.1025 0.0138875 0.035999
v 0.103895016 0.013975411 0.035999
v 0.105267964 0.01423775 0.035999
v 0.10659712 0.01467037 0.035999
v 0.10786145 0.015266423 0.035999
v 0.10904095 0.016016481 0.035999
v 0.11011696 0.016908674 0.035999
v 0.11189232 0.01906098 0.035999
v 0.11206807 0.019348487 0.036149453
v 0.113557555 0.023896312 0.037451178
v 0.11339489 0.022811644 0.03730695
v 0.113109596 0.021694833 0.03705512
v 0.112663805 0.020507254 0.036664702
v 0.11107246 0.017928887 0.035999
v 0.1025 0.03093902 0.035999
v 0.1025 0.01906098 0.035999
v 0.1363936 0.025368653 0.037494563
v 0.1364849 0.026468135 0.037413485
v 0.1363875 0.025 0.0375
v 0.13668221 0.027542269 0.037238747
v 0.13700154 0.028642798 0.036957424
v 0.13748123 0.029807497 0.036538545
v 0.13810769 0.03093902 0.035999
v 0.13892755 0.032071114 0.035999
v 0.13988304 0.033091325 0.035999
v 0.14095905 0.03398352 0.035999
v 0.14213856 0.034733575 0.035999
v 0.14340287 0.03532963 0.035999
v 0.14473203 0.03576225 0.035999
v 0.14610498 0.03602459 0.035999
v 0.1475 0.0361125 0.035999
v 0.14889503 0.03602459 0.035999
v 0.15026797 0.03576225 0.035999
v 0.15159713 0.03532963 0.035999
v 0.15511696 0.033091325 0.035999
v 0.15607245 0.032071114 0.035999
v 0.15286145 0.034733575 0.035999
v 0.15736754 0.030110683 0.036407493
v 0.15795596 0.028763078 0.03692012
v 0.1586125 0.025 0.0375
v 0.15854433 0.026228957 0.03743944
v 0.15832892 0.027494427 0.03724858
v 0.15695503 0.030838655 0.036052607
v 0.15689231 0.03093902 0.035999
v 0.15404095 0.03398352 0.035999
v 0.13638824 0.024871284 0.03749934
v 0.13660394 0.022817485 0.037307993
v 0.13643008 0.024028152 0.037462164
v 0.13692316 0.021591473 0.0370263
v 0.13741873 0.020324977 0.036592852
v 0.13810769 0.01906098 0.035999
v 0.13892755 0.017928887 0.035999
v 0.13988304 0.016908674 0.035999
v 0.14095905 0.016016481 0.035999
v 0.14213856 0.015266423 0.035999
v 0.14340287 0.01467037 0.035999
v 0.14473203 0.01423775 0.035999
v 0.14610498 0.013975411 0.035999
v 0.1475 0.0138875 0.035999
v 0.14889503 0.013975411 0.035999
v 0.15026797 0.01423775 0.035999
v 0.15159713 0.01467037 0.035999
v 0.15286145 0.015266423 0.035999
v 0.15404095 0.016016481 0.035999
v 0.15511696 0.016908674 0.035999
v 0.15689231 0.01906098 0.035999
v 0.15720353 0.019584361 0.036265917
v 0.15855756 0.02389636 0.037451185
v 0.15839493 0.022811847 0.037306994
v 0.1581097 0.021695163 0.037055206
v 0.15778238 0.020785674 0.036768153
v 0.15607245 0.017928887 0.035999
v 0.1475 0.01906098 0.035999
v 0.18139361 0.02536827 0.037494577
v 0.18148485 0.026467659 0.03741354
v 0.1813875 0.025 0.0375
v 0.18168221 0.027542302 0.03723874
v 0.18200152 0.028642727 0.036957446
v 0.18248112 0.029807271 0.036538634
v 0.18310767 0.03093902 0.035999
v 0.18392754 0.032071114 0.035999
v 0.18488304 0.033091325 0.035999
v 0.18595906 0.03398352 0.035999
v 0.18713856 0.034733575 0.035999
v 0.18840288 0.03532963 0.035999
v 0.18973203 0.03576225 0.035999
v 0.19110498 0.03602459 0.035999
v 0.1925 0.0361125 0.035999
v 0.19389503 0.03602459 0.035999
v 0.19526796 0.03576225 0.035999
v 0.19659711 0.03532963 0.035999
v 0.20011696 0.033091325 0.035999
v 0.20107245 0.032071114 0.035999
v 0.19786145 0.034733575 0.035999
v 0.20236756 0.030110678 0.0364075
v 0.2029559 0.028763216 0.03692008
v 0.2036125 0.025 0.0375
v 0.2035443 0.026229292 0.037439406
v 0.20332892 0.02749439 0.037248593
v 0.20195504 0.030838655 0.036052607
v 0.20189232 0.03093902 0.035999
v 0.19904095 0.03398352 0.035999
v 0.18138826 0.024870265 0.037499323
v 0.1814557 0.023770673 0.037439402
v 0.18166164 0.022546938 0.037256934
v 0.18192315 0.021591524 0.037026316
v 0.18241873 0.020324996 0.03659286
v 0.18310767 0.01906098 0.035999
v 0.18392754 0.017928887 0.035999
v 0.18488304 0.016908674 0.035999
v 0.18595906 0.016016481 0.035999
v 0.18713856 0.015266423 0.035999
v 0.18840288 0.01467037 0.035999
v 0.18973203 0.01423775 0.035999
v 0.19110498 0.013975411 0.035999
v 0.1925 0.0138875 0.035999
v 0.19389503 0.013975411 0.035999
v 0.19526796 0.01423775 0.035999
v 0.19659711 0.01467037 0.035999
v 0.19786145 0.015266423 0.035999
v 0.19904095 0.016016481 0.035999
v 0.20011696 0.016908674 0.035999
v 0.20189232 0.01906098 0.035999
v 0.20206806 0.019348472 0.036149453
v 0.20355755 0.023896284 0.037451174
v 0.20339489 0.022811608 0.03730695
v 0.20310958 0.021694794 0.03705511
v 0.2026638 0.020507237 0.036664695
v 0.20107245 0.017928887 0.035999
v 0.1925 0.03093902 0.035999
v 0.19719616 0.03093902 0.035999
v 0.1925 0.01906098 0.035999
v 0.018 0.008430175 0.026631985
v 0.018 0.008669925 0.028248254
v 0.018 0.009066943 0.02983324
v 0.018 0.009617406 0.03137168
v 0.018 0.010316011 0.032848757
v 0.018 0.011156031 0.034250244
v 0.018 0.012129376 0.03556265
v 0.018 0.013226672 0.036773328
v 0.018 0.014437351 0.037870623
v 0.018 0.015749756 0.03884397
v 0.018 0.017151244 0.03968399
v 0.018 0.018628322 0.040382594
v 0.018 0.02016676 0.040933058
v 0.018 0.021751747 0.041330077
v 0.018 0.023368014 0.041569825
v 0.018 0.025 0.04165
v 0.018 0.026631985 0.041569825
v 0.018 0.028248254 0.041330077
v 0.018 0.02983324 0.040933058
v 0.018 0.03137168 0.040382594
v 0.018 0.032848757 0.03968399
v 0.018 0.034250244 0.03884397
v 0.018 0.037870623 0.03556265
v 0.018 0.03884397 0.034250244
v 0.018 0.04165 0.025
v 0.018 0.041569825 0.026631985
v 0.018 0.041330077 0.028248254
v 0.018 0.040933058 0.02983324
v 0.018 0.040382594 0.03137168
v 0.018 0.03968399 0.032848757
v 0.018 0.036773328 0.036773328
v 0.018 0.03556265 0.037870623
v 0.018 0.00835 0.025
v 0.018 0.023774786 0.03743981
v 0.018 0.022561371 0.037259817
v 0.018 0.025 0.0375
v 0.018 0.021371441 0.036961753
v 0.018 0.020216458 0.036548495
v 0.018 0.019107541 0.036024015
v 0.018 0.018055372 0.03539337
v 0.018 0.017070085 0.03466263
v 0.018 0.016161166 0.033838835
v 0.018 0.015337369 0.032929916
v 0.018 0.0146066295 0.03194463
v 0.018 0.013975984 0.03089246
v 0.018 0.013451505 0.029783543
v 0.018 0.013038246 0.028628558
v 0.018 0.012740184 0.02743863
v 0.018 0.012560191 0.026225215
v 0.018 0.0125 0.025
v 0.018 0.012560191 0.023774786
v 0.018 0.012740184 0.022561371
v 0.018 0.008430175 0.023368014
v 0.018 0.013038246 0.021371441
v 0.018 0.008669925 0.021751747
v 0.018 0.013451505 0.020216458
v 0.018 0.009066943 0.02016676
v 0.018 0.013975984 0.019107541
v 0.018 0.009617406 0.018628322
v 0.018 0.0146066295 0.018055372
v 0.018 0.010316011 0.017151244
v 0.018 0.015337369 0.017070085
v 0.018 0.011156031 0.015749756
v 0.018 0.016161166 0.016161166
v 0.018 0.012129376 0.014437351
v 0.018 0.017070085 0.015337369
v 0.018 0.013226672 0.013226672
v 0.018 0.018055372 0.0146066295
v 0.018 0.014437351 0.012129376
v 0.018 0.019107541 0.013975984
v 0.018 0.015749756 0.011156031
v 0.018 0.020216458 0.013451505
v 0.018 0.017151244 0.010316011
v 0.018 0.021371441 0.013038246
v 0.018 0.018628322 0.009617406
v 0.018 0.022561371 0.012740184
v 0.018 0.02016676 0.009066943
v 0.018 0.023774786 0.012560191
v 0.018 0.021751747 0.008669925
v 0.018 0.025 0.0125
v 0.018 0.023368014 0.008430175
v 0.018 0.026225215 0.012560191
v 0.018 0.025 0.00835
v 0.018 0.02743863 0.012740184
v 0.018 0.026631985 0.008430175
v 0.018 0.028628558 0.013038246
v 0.018 0.028248254 0.008669925
v 0.018 0.029783543 0.013451505
v 0.018 0.02983324 0.009066943
v 0.018 0.03089246 0.013975984
v 0.018 0.03137168 0.009617406
v 0.018 0.03194463 0.0146066295
v 0.018 0.032848757 0.010316011
v 0.018 0.032929916 0.015337369
v 0.018 0.034250244 0.011156031
v 0.018 0.033838835 0.016161166
v 0.018 0.03556265 0.012129376
v 0.018 0.03466263 0.017070085
v 0.018 0.036773328 0.013226672
v 0.018 0.03539337 0.018055372
v 0.018 0.037870623 0.014437351
v 0.018 0.036024015 0.019107541
v 0.018 0.03884397 0.015749756
v 0.018 0.036548495 0.020216458
v 0.018 0.03968399 0.017151244
v 0.018 0.036961753 0.021371441
v 0.018 0.040382594 0.018628322
v 0.018 0.037259817 0.022561371
v 0.018 0.040933058 0.02016676
v 0.018 0.03743981 0.023774786
v 0.018 0.041330077 0.021751747
v 0.018 0.0375 0.025
v 0.018 0.041569825 0.023368014
v 0.018 0.03743981 0.026225215
v 0.018 0.037259817 0.02743863
v 0.018 0.036961753 0.028628558
v 0.018 0.036548495 0.029783543
v 0.018 0.036024015 0.03089246
v 0.018 0.03539337 0.03194463
v 0.018 0.03466263 0.032929916
v 0.018 0.033838835 0.033838835
v 0.018 0.032929916 0.03466263
v 0.018 0.03194463 0.03539337
v 0.018 0.03089246 0.036024015
v 0.018 0.029783543 0.036548495
v 0.018 0.028628558 0.036961753
v 0.018 0.026225215 0.03743981
v 0.018 0.02743863 0.037259817
v 0.06475 0.0375 0.025
v 0.15825 0.0125 0.025
v 0.06475 0.0125 0.025
v 0.1115 0.0125 0.025
v 0.15825 0.0375 0.025
v 0.1115 0.0375 0.025
v 0.07610024 0.034064718 0.033607025
v 0.06823983 0.033456244 0.03420554
v 0.072174616 0.034521054 0.033099353
v 0.078493826 0.034636047 0.0329622
v 0.05771634 0.016890062 0.03451204
v 0.054740623 0.01600354 0.03367835
v 0.053228013 0.01740492 0.03492798
v 0.06181414 0.017718308 0.035160065
v 0.08221095 0.012709503 0.027278965
v 0.0837995 0.012538688 0.025982702
v 0.071959876 0.0126936855 0.027191943
v 0.071512304 0.012951744 0.028330091
v 0.08318517 0.013021084 0.028571494
v 0.09592387 0.012695448 0.027201815
v 0.11351634 0.01256055 0.026228853
v 0.11331221 0.012702615 0.0272415
v 0.122398205 0.01266982 0.027053451
v 0.06463076 0.015734326 0.03339031
v 0.06084234 0.014822517 0.03225733
v 0.06079444 0.01554812 0.033179972
v 0.06532209 0.016782267 0.03441907
v 0.1975715 0.03161356 0.035607114
v 0.16702676 0.015641997 0.033287205
v 0.16968842 0.016501673 0.0341667
v 0.17022276 0.015160716 0.032709636
v 0.1635661 0.014984246 0.032478947
v 0.026607746 0.03430184 0.033350196
v 0.033321276 0.034999557 0.03250059
v 0.03637037 0.035599265 0.031626128
v 0.14240743 0.013268742 0.029315967
v 0.14365357 0.012876812 0.028046034
v 0.13745803 0.013248273 0.029259918
v 0.13638113 0.013694881 0.03033332
v 0.1461107 0.013819847 0.030590544
v 0.15944043 0.01692032 0.034537755
v 0.15856005 0.017743142 0.03517782
v 0.16785537 0.017536383 0.035027184
v 0.15821707 0.016015802 0.03369104
v 0.12487816 0.03530734 0.032071684
v 0.12613386 0.035953686 0.031022187
v 0.12897673 0.034945533 0.032572076
v 0.12259783 0.0346595 0.032933727
v 0.110574745 0.012562205 0.026245499
v 0.10832716 0.013029714 0.028600313
v 0.07763227 0.032934908 0.034658533
v 0.08152088 0.033908684 0.033768427
v 0.084037036 0.03299814 0.034606233
v 0.08129524 0.031030297 0.035949223
v 0.07214246 0.031855598 0.03545231
v 0.083564475 0.034323562 0.033325937
v 0.08166012 0.022863118 0.037315995
v 0.07979892 0.021679323 0.037050854
v 0.081035376 0.024078576 0.037465993
v 0.082557425 0.025301851 0.037496354
v 0.07691465 0.022876559 0.03731832
v 0.07616031 0.024110634 0.03746832
v 0.111899026 0.01401591 0.030966554
v 0.11137037 0.013478989 0.029849362
v 0.10726955 0.014166907 0.031236514
v 0.11358504 0.014617575 0.03196098
v 0.111828454 0.015463645 0.033081334
v 0.10832716 0.015363954 0.0329622
v 0.10665872 0.016575502 0.0342346
v 0.113573164 0.016543757 0.03420554
v 0.1204218 0.014076955 0.031077588
v 0.1674878 0.01840538 0.035618898
v 0.16935216 0.019498974 0.03622447
v 0.15968595 0.03743738 0.026249643
v 0.16557497 0.037330694 0.02705035
v 0.15964966 0.037288725 0.027288506
v 0.12521724 0.024370799 0.037484154
v 0.12476408 0.0231219 0.037358105
v 0.12287767 0.02550098 0.037489958
v 0.1213285 0.024169084 0.037472352
v 0.12000586 0.025725389 0.037478935
v 0.1251448 0.026771601 0.03737382
v 0.13235447 0.014186434 0.03127031
v 0.1306176 0.014874746 0.032330025
v 0.13705076 0.014292297 0.031449426
v 0.12939504 0.013524547 0.029956207
v 0.08685265 0.018596148 0.035735022
v 0.088052355 0.017303318 0.03484942
v 0.18561897 0.03737076 0.026792847
v 0.17175828 0.037076086 0.02822772
v 0.18628195 0.037057087 0.028297981
v 0.1878157 0.03660681 0.029640252
v 0.1992719 0.037341338 0.026985297
v 0.1075364 0.03724913 0.027491752
v 0.11419477 0.037436165 0.02626165
v 0.11410183 0.037277706 0.027346907
v 0.10739905 0.03692142 0.028758958
v 0.10603238 0.037438944 0.026233958
v 0.1024848 0.037273712 0.027367705
v 0.09835223 0.03739833 0.026591023
v 0.10367005 0.037076086 0.02822772
v 0.09228435 0.03690216 0.0288195
v 0.08107189 0.03726955 0.027389167
v 0.04964132 0.013268202 0.0293145
v 0.050635517 0.012898 0.028129151
v 0.044919588 0.013272921 0.02932731
v 0.049827553 0.0137527 0.030454194
v 0.04174267 0.012537794 0.025971305
v 0.042478014 0.01283878 0.027890455
v 0.042453196 0.013371559 0.029585777
v 0.14533949 0.014442422 0.031692352
v 0.14307664 0.015064047 0.032584645
v 0.15130606 0.014841136 0.03228337
v 0.1521444 0.014170152 0.031242147
v 0.15252507 0.015550278 0.03318247
v 0.037534267 0.03719494 0.0277447
v 0.041995313 0.036906544 0.028805813
v 0.031777777 0.03704122 0.028355438
v 0.034512345 0.03740893 0.026506154
v 0.12447406 0.02983733 0.036526065
v 0.120070964 0.03180928 0.03548254
v 0.12647827 0.030884428 0.036028303
v 0.17406613 0.034719188 0.032860495
v 0.17548311 0.033968326 0.033707418
v 0.16666667 0.034421194 0.0332153
v 0.16511013 0.035456464 0.03184926
v 0.17449902 0.035454318 0.03185254
v 0.16953883 0.036900908 0.028823404
v 0.16671662 0.03716182 0.027887931
v 0.1701416 0.03631872 0.030304395
v 0.19904162 0.035317943 0.03205621
v 0.19667032 0.034395024 0.033245213
v 0.19545378 0.03659111 0.02967934
v 0.18922421 0.036066048 0.030813143
v 0.19736253 0.03701968 0.0284318
v 0.19545455 0.0360285 0.030884061
v 0.1908611 0.035341877 0.032021083
v 0.20160557 0.036583073 0.029699195
v 0.12534565 0.037351217 0.026922878
v 0.06467619 0.017824361 0.03523524
v 0.11493068 0.012972429 0.02840405
v 0.12330876 0.013429413 0.029729854
v 0.12010947 0.012884652 0.028077068
v 0.18582155 0.013245452 0.02925213
v 0.18670674 0.012923734 0.028227044
v 0.18038802 0.013003776 0.028512921
v 0.17869337 0.0136085935 0.03014644
v 0.18629473 0.013736985 0.030421669
v 0.0834339 0.032099262 0.035288367
v 0.089576006 0.03251617 0.034987852
v 0.16272362 0.012564745 0.026270606
v 0.16393714 0.012717492 0.027321635
v 0.17576396 0.012678412 0.027104393
v 0.030991325 0.028703405 0.036938794
v 0.032801636 0.029849086 0.036521126
v 0.067944445 0.012855438 0.027959663
v 0.06615484 0.0135698505 0.03005981
v 0.0746326 0.0134562105 0.029794885
v 0.13345847 0.015546041 0.03317757
v 0.14499581 0.016327951 0.03400253
v 0.07252706 0.037286147 0.027302308
v 0.069052376 0.037152443 0.027927129
v 0.07017825 0.037379384 0.026732303
v 0.07260731 0.037436396 0.026259385
v 0.07479561 0.036881957 0.028881893
v 0.06654703 0.037408195 0.026512165
v 0.15509517 0.03468676 0.032900423
v 0.15044981 0.03375496 0.03392192
v 0.15101092 0.03485546 0.03268895
v 0.15852213 0.03542604 0.031895485
v 0.12528315 0.021866728 0.037100933
v 0.05555896 0.014299294 0.03146103
v 0.05512087 0.015004519 0.032506023
v 0.03392728 0.026351662 0.037426706
v 0.03228631 0.025119826 0.037499424
v 0.062320605 0.01414821 0.031203924
v 0.054306637 0.013735027 0.030417599
v 0.051608637 0.014368474 0.03157424
v 0.04468404 0.014696524 0.032077312
v 0.028501965 0.033119097 0.034504224
v 0.0341025 0.034213632 0.033447422
v 0.07494304 0.025711808 0.037479717
v 0.08012447 0.026789593 0.03737123
v 0.17603362 0.031026665 0.035951223
v 0.18068327 0.03208687 0.035296902
v 0.16961545 0.029929534 0.036486935
v 0.18094034 0.034022193 0.03365159
v 0.18120745 0.03312456 0.034499556
v 0.18203753 0.034843747 0.032703936
v 0.16788583 0.031073092 0.035925545
v 0.16888888 0.03220814 0.03521238
v 0.18455037 0.034624632 0.032975994
v 0.18492478 0.033466503 0.034196105
v 0.18600246 0.032117482 0.03527577
v 0.15148412 0.013283068 0.029354712
v 0.1505442 0.0127812885 0.027636873
v 0.14812645 0.012645955 0.026904622
v 0.06471285 0.037185542 0.027786134
v 0.033909768 0.023907457 0.03745216
v 0.032403156 0.02267562 0.03728199
v 0.15609482 0.036045123 0.0308528
v 0.1502689 0.035982523 0.03096944
v 0.155124 0.03657281 0.029724414
v 0.13891023 0.034335837 0.033312168
v 0.14032918 0.03393309 0.033743564
v 0.1376434 0.03361791 0.03405437
v 0.18152234 0.017950468 0.035322506
v 0.18090662 0.017094722 0.0346828
v 0.1776438 0.017203683 0.034770746
v 0.1716171 0.01804884 0.035389002
v 0.06901139 0.03679856 0.029128438
v 0.07739534 0.035356175 0.031999975
v 0.09211111 0.03609846 0.03075101
v 0.08816255 0.035175357 0.03226031
v 0.12074568 0.01897012 0.035949454
v 0.12585063 0.02003326 0.036470897
v 0.15093248 0.016727313 0.03437084
v 0.079365596 0.029927863 0.036487654
v 0.15915963 0.013015587 0.028553005
v 0.15779744 0.013444775 0.02976726
v 0.16210432 0.013216535 0.029171323
v 0.15757711 0.012610594 0.026659098
v 0.105966076 0.017938819 0.03531454
v 0.102370374 0.017001858 0.034606233
v 0.0966439 0.01748383 0.034987852
v 0.18929318 0.016453959 0.034122236
v 0.18196838 0.015322484 0.032911744
v 0.18129699 0.016200736 0.03387823
v 0.19289564 0.017768461 0.035195824
v 0.19719417 0.016743023 0.034384686
v 0.1936869 0.015522518 0.033150297
v 0.19476372 0.014379463 0.031591978
v 0.18017294 0.016499039 0.03416426
v 0.1306552 0.015944803 0.033617042
v 0.12745324 0.016659332 0.034310386
v 0.13389477 0.016426088 0.034096044
v 0.09531799 0.03522747 0.032186717
v 0.102702044 0.035585918 0.031647433
v 0.09996015 0.03480609 0.03275181
v 0.09388272 0.034636047 0.0329622
v 0.061006613 0.035217904 0.03220031
v 0.06752572 0.036148943 0.030652527
v 0.0697902 0.035342768 0.03201977
v 0.059333332 0.034421194 0.0332153
v 0.077761844 0.014523933 0.03181924
v 0.07433333 0.015578806 0.0332153
v 0.0843196 0.014828596 0.03226585
v 0.0856872 0.013761645 0.030472603
v 0.06819946 0.013981682 0.030903108
v 0.032489367 0.015314841 0.032902386
v 0.03982645 0.01664002 0.034293048
v 0.03763604 0.015228308 0.032795127
v 0.0391247 0.014492579 0.031770825
v 0.03023002 0.014463737 0.031725857
v 0.026691344 0.013571857 0.030064339
v 0.029602034 0.01639609 0.034067675
v 0.09445366 0.016516628 0.034180544
v 0.10338487 0.01607695 0.033753812
v 0.092938274 0.015363954 0.0329622
v 0.0915833 0.033483375 0.034180544
v 0.09683013 0.032696683 0.03484942
v 0.030528894 0.012650844 0.026936065
v 0.031844012 0.0130240135 0.028581304
v 0.1409783 0.017355155 0.03488971
v 0.14960104 0.017681537 0.03513361
v 0.10623236 0.035398826 0.031936456
v 0.11049503 0.036047112 0.030849043
v 0.16656828 0.033125006 0.034499172
v 0.034681745 0.019083282 0.036011014
v 0.04553579 0.0174904 0.03499279
v 0.033170063 0.017997371 0.03535438
v 0.034209285 0.021454414 0.03698661
v 0.032836944 0.020236028 0.036556583
v 0.18747135 0.036070682 0.030804312
v 0.1866888 0.035419557 0.03190528
v 0.09873761 0.033958856 0.033717163
v 0.1055 0.034421194 0.0332153
v 0.10532137 0.033125006 0.034499172
v 0.042087313 0.014131457 0.031174526
v 0.035054017 0.01370144 0.0303472
v 0.15079473 0.037130333 0.028017446
v 0.15842347 0.03701321 0.028454384
v 0.14697543 0.036765937 0.029220518
v 0.14698529 0.037428502 0.02633503
v 0.1411305 0.037245456 0.027509745
v 0.19732279 0.013448511 0.029776307
v 0.18189228 0.0143724345 0.031580642
v 0.17237161 0.013040288 0.028635284
v 0.19832219 0.032882832 0.034701083
v 0.18997493 0.031830486 0.03546874
v 0.04164858 0.03643067 0.030058628
v 0.042493828 0.03587331 0.031166127
v 0.036880657 0.036262207 0.030423345
v 0.17741373 0.014210412 0.031311482
v 0.03347462 0.031062491 0.03593143
v 0.033403393 0.032108605 0.03528191
v 0.036451478 0.031470533 0.03569496
v 0.077579394 0.016525848 0.034189057
v 0.07811111 0.01779186 0.03521238
v 0.08029373 0.016329342 0.034003872
v 0.12158942 0.014783207 0.032201886
v 0.1205 0.015578806 0.0332153
v 0.1641493 0.03260918 0.034917176
v 0.1661224 0.01456395 0.031880323
v 0.16198064 0.013981207 0.03090222
v 0.12047152 0.034561217 0.0330519
v 0.11697445 0.03542604 0.031895485
v 0.121842295 0.033456244 0.03420554
v 0.101125516 0.014824642 0.03226031
v 0.10211111 0.013901537 0.03075101
v 0.036885098 0.032933086 0.03466003
v 0.04793713 0.033852566 0.03382508
v 0.0431494 0.03235409 0.035107788
v 0.053781994 0.032267936 0.03516991
v 0.055127192 0.033536457 0.034131203
v 0.058111113 0.03220814 0.03521238
v 0.07360505 0.03601821 0.030903308
v 0.11729443 0.01662269 0.034277428
v 0.11781014 0.017872931 0.035269123
v 0.068218105 0.0126195885 0.026724936
v 0.15575248 0.03365791 0.034016132
v 0.15241028 0.032447215 0.035039373
v 0.14458604 0.03260918 0.034917176
v 0.13875812 0.03533355 0.03203333
v 0.14467178 0.036290735 0.030363705
v 0.10927862 0.01749366 0.034995243
v 0.13213074 0.035921942 0.031079574
v 0.1308388 0.036418382 0.030086312
v 0.13657671 0.03623383 0.030481882
v 0.122708775 0.03650985 0.029875794
v 0.11858604 0.03631872 0.030304395
v 0.1186981 0.036956027 0.028647386
v 0.123406425 0.037076086 0.02822772
v 0.12796493 0.018128587 0.03544192
v 0.12680168 0.033724193 0.03395201
v 0.069091536 0.032121886 0.035272717
v 0.106964104 0.03260918 0.034917176
v 0.1035 0.03220814 0.03521238
v 0.06777574 0.014979667 0.03247281
v 0.14013323 0.03676224 0.029230805
v 0.048673246 0.016893005 0.034514546
v 0.04439458 0.01601215 0.033687264
v 0.125034 0.013135575 0.028935151
v 0.1971599 0.012870105 0.028019212
v 0.1891569 0.012628349 0.026786683
v 0.088436745 0.015764462 0.03342347
v 0.16457838 0.013704439 0.030353531
v 0.13558516 0.012877388 0.028048323
v 0.13511238 0.032432392 0.03505035
v 0.12958604 0.03260918 0.034917176
v 0.05839082 0.012654648 0.026960174
v 0.104590386 0.036627773 0.029587474
v 0.058124404 0.013223549 0.029191088
v 0.13243832 0.03708451 0.02819603
v 0.050115835 0.037102565 0.028126972
v 0.05375926 0.037448745 0.026130818
v 0.054592937 0.036705025 0.029386617
v 0.12549648 0.028677493 0.0369468
v 0.08043546 0.028730351 0.0369304
v 0.04226711 0.03517731 0.032257576
v 0.09106651 0.014056625 0.031040907
v 0.17371263 0.025729569 0.037478693
v 0.16993456 0.02380694 0.037442934
v 0.16980974 0.027987313 0.03713779
v 0.09457406 0.0133433705 0.029513644
v 0.1698029 0.021588922 0.03702558
v 0.060483996 0.03587881 0.031156415
v 0.032428846 0.027541643 0.037238874
v 0.07939791 0.019504579 0.036227215
vn 1 -0 0
vn -1 -0 0
vn -0 0 -1
vn 0 -1 0
vn -0 -0.70710677 -0.70710677
vn 0 1 0
vn -0 0.70710677 -0.70710677
vn 0 -0 1
vn -0 -0.70710677 0.70710677
vn -0 0.70710677 0.70710677
vn 0.9994492 -0.03318592 -0
vn 0.9912345 -0.13211446 -0
vn 0.9951847 -0.09801714 -0
vn 1 -0.00000000000000012246469 -0
vn 0.98078525 -0.19509032 -0
vn 0.9734809 -0.22876841 -0
vn 0.95694035 -0.29028466 -0
vn 0.94474554 -0.32780465 -0
vn 0.9015781 -0.4326163 -0
vn 0.9238795 -0.38268343 -0
vn 0.8819213 -0.47139674 -0
vn 0.8452032 -0.53444505 -0
vn 0.8314696 -0.55557024 -0
vn 0.7714247 -0.6363206 -0
vn 0.77301043 -0.6343933 -0
vn 0.70710677 -0.70710677 -0
vn 0.68544084 -0.7281283 -0
vn 0.6343933 -0.77301043 -0
vn 0.588612 -0.8084157 -0
vn 0.55557024 -0.8314696 -0
vn 0.48247018 -0.87591237 -0
vn 0.38268343 -0.9238795 -0
vn 0.47139674 -0.8819213 -0
vn 0.36869478 -0.9295505 -0
vn 0.29028466 -0.95694035 -0
vn 0.24908593 -0.96848136 -0
vn 0.19509032 -0.98078525 -0
vn 0.12553607 -0.99208903 -0
vn 0.09801714 -0.9951847 -0
vn -0.00000000000000006123234 -1 -0
vn -0.12553607 -0.99208903 -0
vn -0.09801714 -0.9951847 -0
vn -0.19509032 -0.98078525 -0
vn -0.29028466 -0.95694035 -0
vn -0.24908593 -0.96848136 -0
vn -0.36869478 -0.9295505 -0
vn -0.38268343 -0.9238795 -0
vn -0.68544084 -0.7281283 -0
vn -0.7714247 -0.6363206 -0
vn -0.70710677 -0.70710677 -0
vn -0.48247018 -0.87591237 -0
vn -0.47139674 -0.8819213 -0
vn -0.8879685 -0.4599043 -0
vn -0.94091755 -0.33863565 -0
vn -0.9238795 -0.38268343 -0
vn -0.9951847 -0.09801714 -0
vn -0.99386597 -0.110591345 -0
vn -0.98078525 -0.19509032 -0
vn -0.9744811 -0.22446953 -0
vn -0.95694035 -0.29028466 -0
vn -0.8819213 -0.47139674 -0
vn -0.8508472 -0.5254132 -0
vn -0.8314696 -0.55557024 -0
vn -0.8452032 -0.53444505 -0
vn -0.77301043 -0.6343933 -0
vn -0.6343933 -0.77301043 -0
vn -0.588612 -0.8084157 -0
vn -0.55557024 -0.8314696 -0
vn 0.9951847 0.09801714 -0
vn 0.99993294 0.0115829455 -0
vn 0.98052335 0.19640249 -0
vn 0.9961685 0.08745447 -0
vn 0.98078525 0.19509032 -0
vn 0.95179707 0.30672836 -0
vn 0.95694035 0.29028466 -0
vn 0.9238795 0.38268343 -0
vn 0.90720034 0.42069882 -0
vn 0.8819213 0.47139674 -0
vn 0.8452032 0.53444505 -0
vn 0.8314696 0.55557024 -0
vn 0.77301043 0.6343933 -0
vn 0.7714247 0.6363206 -0
vn 0.70710677 0.70710677 -0
vn 0.68544084 0.7281283 -0
vn 0.6343933 0.77301043 -0
vn 0.588612 0.8084157 -0
vn 0.55557024 0.8314696 -0
vn 0.48247018 0.87591237 -0
vn 0.47139674 0.8819213 -0
vn 0.38268343 0.9238795 -0
vn 0.29028466 0.95694035 -0
vn 0.36869478 0.9295505 -0
vn 0.24908593 0.96848136 -0
vn 0.12553607 0.99208903 -0
vn 0.19509032 0.98078525 -0
vn 0.09801714 0.9951847 -0
vn 0.00000000000000018369701 1 -0
vn -0.09801714 0.9951847 -0
vn -0.12553607 0.99208903 -0
vn -0.19509032 0.98078525 -0
vn -0.29028466 0.95694035 -0
vn -0.24908593 0.96848136 -0
vn -0.36869478 0.9295505 -0
vn -0.38268343 0.9238795 -0
vn -0.48247018 0.87591237 -0
vn -0.47139674 0.8819213 -0
vn -0.55557024 0.8314696 -0
vn -0.6343933 0.77301043 -0
vn -0.588612 0.8084157 -0
vn -0.68544084 0.7281283 -0
vn -0.8452032 0.53444505 -0
vn -0.8314696 0.55557024 -0
vn -0.86103004 0.5085541 -0
vn -0.9951847 0.09801714 -0
vn -0.9950559 0.0993162 -0
vn -0.98078525 0.19509032 -0
vn -0.98042136 0.19691099 -0
vn -0.95694035 0.29028466 -0
vn -0.954753 0.29740003 -0
vn -0.9238795 0.38268343 -0
vn -0.9146355 0.40427953 -0
vn -0.8819213 0.47139674 -0
vn -0.7714247 0.6363206 -0
vn -0.77301043 0.6343933 -0
vn -0.70710677 0.70710677 -0
vn 0.9994508 -0.03313705 -0
vn 0.9912398 -0.13207452 -0
vn 0.97347826 -0.2287795 -0
vn 0.9447453 -0.32780537 -0
vn 0.9015856 -0.43260086 -0
vn -0.887969 -0.45990333 -0
vn -0.9409128 -0.33864897 -0
vn -0.993862 -0.11062695 -0
vn -0.9744823 -0.22446427 -0
vn -0.8508472 -0.5254133 -0
vn 0.9999318 0.011677976 -0
vn 0.9805246 0.19639632 -0
vn 0.99616927 0.087445736 -0
vn 0.9517979 0.3067259 -0
vn 0.9072006 0.42069834 -0
vn -0.8610192 0.5085725 -0
vn -0.9950556 0.099319436 -0
vn -0.980418 0.19692752 -0
vn -0.9547443 0.29742792 -0
vn -0.91462797 0.40429658 -0
vn 0.99944955 -0.033174697 -0
vn 0.9912343 -0.13211566 -0
vn 0.9734792 -0.2287756 -0
vn 0.94474334 -0.32781088 -0
vn 0.9015761 -0.43262053 -0
vn -0.8879686 -0.45990413 -0
vn -0.94091797 -0.3386346 -0
vn -0.99386585 -0.110592276 -0
vn -0.97448087 -0.22447048 -0
vn 0.99993294 0.011582944 -0
vn 0.9805235 0.1964018 -0
vn 0.99616843 0.08745533 -0
vn 0.9517968 0.30672914 -0
vn 0.90720004 0.42069945 -0
vn -0.87320864 0.48734653 -0
vn -0.99505603 0.09931507 -0
vn -0.9804217 0.19690914 -0
vn -0.9547535 0.2973982 -0
vn -0.9252976 0.3792418 -0
vn 0.99945074 -0.033140086 -0
vn 0.99124 -0.13207285 -0
vn 0.9734785 -0.22877857 -0
vn 0.9447456 -0.32780445 -0
vn 0.9015858 -0.4326003 -0
vn -0.88796896 -0.45990336 -0
vn -0.9409135 -0.33864695 -0
vn -0.9938625 -0.11062249 -0
vn -0.9744817 -0.22446707 -0
vn 0.9999319 0.011674708 -0
vn 0.99386215 0.110625625 -0
vn 0.9753308 0.22074813 -0
vn 0.95179826 0.30672467 -0
vn 0.9072009 0.42069772 -0
vn -0.8610183 0.508574 -0
vn -0.9950553 0.099321984 -0
vn -0.98041743 0.19693057 -0
vn -0.9547432 0.29743132 -0
vn -0.91462725 0.40429816 -0
vn -0 0.9951847 -0.09801714
vn -0 1 -0.00000000000000012246469
vn -0 0.98078525 -0.19509032
vn -0 0.95694035 -0.29028466
vn -0 0.9238795 -0.38268343
vn -0 0.8819213 -0.47139674
vn -0 0.8314696 -0.55557024
vn -0 0.77301043 -0.6343933
vn -0 0.6343933 -0.77301043
vn -0 0.55557024 -0.8314696
vn -0 0.47139674 -0.8819213
vn -0 0.38268343 -0.9238795
vn -0 0.29028466 -0.95694035
vn -0 0.19509032 -0.98078525
vn -0 0.09801714 -0.9951847
vn -0 -0.00000000000000006123234 -1
vn -0 -0.09801714 -0.9951847
vn -0 -0.19509032 -0.98078525
vn -0 -0.29028466 -0.95694035
vn -0 -0.38268343 -0.9238795
vn -0 -0.47139674 -0.8819213
vn -0 -0.55557024 -0.8314696
vn -0 -0.6343933 -0.77301043
vn -0 -0.77301043 -0.6343933
vn -0 -0.8314696 -0.55557024
vn -0 -0.8819213 -0.47139674
vn -0 -0.9951847 -0.09801714
vn -0 -0.98078525 -0.19509032
vn -0 -0.95694035 -0.29028466
vn -0 -0.9238795 -0.38268343
vn -0 0.9951847 0.09801714
vn -0 0.98078525 0.19509032
vn -0 0.95694035 0.29028466
vn -0 0.9238795 0.38268343
vn -0 0.8819213 0.47139674
vn -0 0.8314696 0.55557024
vn -0 0.77301043 0.6343933
vn -0 0.6343933 0.77301043
vn -0 0.55557024 0.8314696
vn -0 0.47139674 0.8819213
vn -0 0.38268343 0.9238795
vn -0 0.29028466 0.95694035
vn -0 0.19509032 0.98078525
vn -0 0.09801714 0.9951847
vn -0 0.00000000000000018369701 1
vn -0 -0.09801714 0.9951847
vn -0 -0.19509032 0.98078525
vn -0 -0.29028466 0.95694035
vn -0 -0.38268343 0.9238795
vn -0 -0.47139674 0.8819213
vn -0 -0.55557024 0.8314696
vn -0 -0.6343933 0.77301043
vn -0 -0.77301043 0.6343933
vn -0 -0.8314696 0.55557024
vn -0 -0.8819213 0.47139674
vn -0 -0.9951847 0.09801714
vn -0 -0.98078525 0.19509032
vn -0 -0.95694035 0.29028466
vn -0 -0.9238795 0.38268343
vn -0 -0.72517747 -0.688562
vn -0 -0.6764994 -0.73644316
vn -0 -0.7616844 -0.6479482
vn -0 -0.7708837 -0.63697594
vn -0 0.648795 -0.7609632
vn -0 0.7197168 -0.6942678
vn -0 0.6076065 -0.7942382
vn -0 0.5825354 -0.8128053
vn -0 0.98323977 -0.1823173
vn -0 0.99690497 -0.07861611
vn -0 0.9845052 -0.1753554
vn -0 0.9638605 -0.26640734
vn -0 0.9583133 -0.2857195
vn -0 0.9843642 -0.17614514
vn -0 0.995156 -0.09830819
vn -0 0.9837908 -0.17932007
vn -0 0.98641443 -0.16427605
vn -0 0.74125385 -0.6712248
vn -0 0.8141987 -0.5805864
vn -0 0.7561504 -0.65439785
vn -0 0.6574186 -0.75352556
vn -0 -0.47512165 -0.8799201
vn -0 -0.5290847 -0.84856904
vn -0 0.74864024 -0.6629765
vn -0 0.6798662 -0.73333615
vn -0 0.78714275 -0.61677086
vn -0 0.8012603 -0.5983159
vn -0 -0.74414724 -0.6680156
vn -0 -0.7999646 -0.6000472
vn -0 -0.8479413 -0.5300902
vn -0 0.93850064 -0.34527743
vn -0 0.969855 -0.2436828
vn -0 0.94013816 -0.3407935
vn -0 0.90440947 -0.4266656
vn -0 0.8944122 -0.44724348
vn -0 0.6463743 -0.7630205
vn -0 0.58054864 -0.81422555
vn -0 0.59708935 -0.80217475
vn -0 0.71873593 -0.6952832
vn -0 -0.8245873 -0.56573474
vn -0 -0.876295 -0.481775
vn -0 -0.79564273 -0.6057662
vn -0 -0.77276015 -0.63469815
vn -0 0.99502355 -0.099639945
vn -0 0.9576229 -0.28802502
vn -0 -0.63479275 -0.7726825
vn -0 -0.71269476 -0.70147425
vn -0 -0.6398514 -0.76849866
vn -0 -0.4824238 -0.87593794
vn -0 -0.5484479 -0.83618474
vn -0 -0.7458849 -0.6660749
vn -0 0.17095056 -0.9852796
vn -0 0.077739224 -0.99697375
vn -0 0.1745964 -0.98464006
vn -0 0.27267936 -0.962105
vn -0 0.26565418 -0.9640684
vn -0 0.073713996 -0.9972794
vn -0 -0.024148166 -0.9997084
vn -0 0.16987531 -0.9854656
vn -0 -0.029458834 -0.999566
vn -0 0.07114935 -0.99746567
vn -0 0.8787272 -0.47732437
vn -0 0.92168087 -0.38794893
vn -0 0.86664736 -0.49892116
vn -0 0.830594 -0.55687845
vn -0 0.7629084 -0.6465066
vn -0 0.7708837 -0.63697594
vn -0 0.67395985 -0.738768
vn -0 0.6764994 -0.73644316
vn -0 0.8738436 -0.4862071
vn -0 0.5275696 -0.8495118
vn -0 0.4332511 -0.90127325
vn -0 0.44008204 -0.89795756
vn -0 -0.9949903 -0.09997142
vn -0 -0.9864557 -0.16402793
vn -0 -0.9830979 -0.18308043
vn -0 0.050336152 -0.9987323
vn -0 0.010297238 -0.999947
vn -0 0.077747755 -0.99697304
vn -0 0.1502479 -0.98864836
vn -0 -0.0400784 -0.9991965
vn -0 0.06647329 -0.9977882
vn -0 -0.05803111 -0.9983148
vn -0 -0.14172815 -0.9899056
vn -0 -0.09834733 -0.9951522
vn -0 -0.1995488 -0.9798879
vn -0 0.86508524 -0.5016249
vn -0 0.81002027 -0.5864019
vn -0 0.85661626 -0.5159541
vn -0 0.9180362 -0.39649656
vn -0 0.5123082 -0.85880166
vn -0 0.37400082 -0.92742836
vn -0 0.47512165 -0.8799201
vn -0 0.6157345 -0.7879537
vn -0 -0.9896608 -0.14342767
vn -0 -0.9660868 -0.25821757
vn -0 -0.9645669 -0.2638385
vn -0 -0.9285449 -0.3712202
vn -0 -0.98730695 -0.15882377
vn -0 -0.97993034 -0.1993401
vn -0 -0.9948933 -0.10093204
vn -0 -0.98221636 -0.18775262
vn -0 -0.95371354 -0.30071664
vn -0 -0.9951156 -0.09871664
vn -0 -0.9818969 -0.18941641
vn -0 -0.9918666 -0.1272819
vn -0 -0.9521728 -0.30556002
vn -0 -0.9815641 -0.19113328
vn -0 0.93854386 -0.34515995
vn -0 0.96816003 -0.2503321
vn -0 0.9381663 -0.34618482
vn -0 0.89978397 -0.4363356
vn -0 0.99697644 -0.07770438
vn -0 0.9728976 -0.23123643
vn -0 0.9302753 -0.36686218
vn -0 0.84460616 -0.5353881
vn -0 0.7948762 -0.6067716
vn -0 0.81270915 -0.58266956
vn -0 0.8663878 -0.49937177
vn -0 0.75597775 -0.65459734
vn -0 -0.9755954 -0.21957596
vn -0 -0.9525235 -0.30446503
vn -0 -0.9632978 -0.268435
vn -0 -0.9927143 -0.12049232
vn -0 -0.38698652 -0.92208534
vn -0 -0.30105895 -0.95360553
vn -0 -0.40885413 -0.91259974
vn -0 -0.54474264 -0.83860326
vn -0 -0.47075427 -0.8822644
vn -0 -0.777535 -0.6288396
vn -0 -0.7174661 -0.6965934
vn -0 -0.7536955 -0.6572238
vn -0 -0.836517 -0.547941
vn -0 -0.8363453 -0.54820305
vn -0 -0.95207256 -0.30587223
vn -0 -0.9729456 -0.2310345
vn -0 -0.9054975 -0.42435163
vn -0 -0.8254354 -0.5644966
vn -0 -0.751602 -0.65961695
vn -0 -0.92728865 -0.3743471
vn -0 -0.8852837 -0.4650514
vn -0 -0.96157455 -0.27454397
vn -0 -0.88228005 -0.47072485
vn -0 -0.8273501 -0.56168664
vn -0 -0.9266458 -0.3759356
vn -0 -0.9880973 -0.15383025
vn -0 0.57405114 -0.8188194
vn -0 0.9622056 -0.272324
vn -0 0.92564696 -0.3783883
vn -0 0.9692278 -0.24616548
vn -0 0.9403638 -0.3401704
vn -0 0.9661012 -0.25816348
vn -0 0.9596979 -0.2810337
vn -0 0.9113125 -0.41171527
vn -0 0.9010412 -0.43373352
vn -0 -0.5679409 -0.82306933
vn -0 -0.60129356 -0.79902816
vn -0 0.99482036 -0.10164847
vn -0 0.9826007 -0.18573077
vn -0 0.9857271 -0.1683514
vn -0 -0.29627234 -0.9551035
vn -0 -0.38792694 -0.9216901
vn -0 0.971565 -0.23677306
vn -0 0.91441196 -0.4047849
vn -0 0.92350316 -0.38359076
vn -0 0.7563168 -0.6542056
vn -0 0.69376385 -0.7202025
vn -0 -0.9828917 -0.18418467
vn -0 -0.97219557 -0.2341703
vn -0 -0.99035066 -0.13858432
vn -0 -0.9949117 -0.10075078
vn -0 -0.9505566 -0.31055135
vn -0 -0.99265575 -0.12097318
vn -0 -0.77494085 -0.63203377
vn -0 -0.70039684 -0.71375364
vn -0 -0.7884366 -0.615116
vn -0 -0.8340832 -0.55163866
vn -0 0.17460117 -0.9846392
vn -0 0.25066185 -0.96807474
vn -0 0.8560565 -0.5168823
vn -0 0.7996385 -0.60048175
vn -0 -0.10813297 -0.99413645
vn -0 -0.20337518 -0.9791009
vn -0 -0.11744977 -0.9930788
vn -0 -0.029502286 -0.9995647
vn -0 -0.009586134 -0.99995404
vn -0 0.86814314 -0.49631387
vn -0 0.90119785 -0.4334079
vn -0 0.8505221 -0.52593935
vn -0 0.8242781 -0.5661851
vn -0 -0.64952767 -0.760338
vn -0 -0.7370907 -0.67579377
vn -0 -0.05694464 -0.9983773
vn -0 -0.09831575 -0.9951553
vn -0 -0.1995534 -0.97988695
vn -0 -0.1431674 -0.98969847
vn -0 -0.48213327 -0.8760979
vn -0 -0.56694984 -0.8237523
vn -0 -0.3845818 -0.92309093
vn -0 -0.39436263 -0.9189549
vn -0 -0.7217755 -0.6921273
vn -0 -0.64996475 -0.75996435
vn -0 -0.78749985 -0.6163149
vn -0 -0.48584738 -0.87404364
vn -0 -0.5766513 -0.81699044
vn -0 -0.76997054 -0.63807946
vn -0 -0.6773203 -0.73568827
vn -0 -0.5693987 -0.82206154
vn -0 0.9373545 -0.348377
vn -0 0.97749686 -0.21094985
vn -0 0.98832357 -0.15236974
vn -0 -0.97484344 -0.22289073
vn -0 0.08740348 -0.99617296
vn -0 0.010297239 -0.999947
vn -0 0.07774705 -0.9969731
vn -0 0.17460178 -0.9846391
vn -0 0.18595034 -0.98255914
vn -0 -0.88360983 -0.46822396
vn -0 -0.8786018 -0.4775551
vn -0 -0.92582476 -0.37795302
vn -0 -0.74686694 -0.66497356
vn -0 -0.7146472 -0.6994851
vn -0 -0.68943286 -0.7243496
vn -0 0.5639626 -0.82580036
vn -0 0.6324222 -0.7746239
vn -0 0.6237053 -0.7816596
vn -0 0.55609286 -0.8311202
vn -0 0.26438847 -0.96441627
vn -0 0.17505392 -0.9845588
vn -0 0.08829208 -0.99609464
vn -0 -0.9438848 -0.33027497
vn -0 -0.82849395 -0.55999804
vn -0 -0.88787705 -0.46008083
vn -0 -0.8140287 -0.5808247
vn -0 0.48239028 -0.8759564
vn -0 0.45212105 -0.89195657
vn -0 0.3594196 -0.93317604
vn -0 0.39733917 -0.91767186
vn -0 0.66181487 -0.7496673
vn -0 -0.39422902 -0.91901225
vn -0 -0.30104715 -0.9536093
vn -0 -0.408855 -0.9125994
vn -0 0.958753 -0.28424048
vn -0 0.924418 -0.38138086
vn -0 0.9426772 -0.33370593
vn -0 0.9911525 -0.13272788
vn -0 0.56489444 -0.8251632
vn -0 0.6398514 -0.76849866
vn -0 0.60129356 -0.79902816
vn -0 0.68368334 -0.7297788
vn -0 0.77420133 -0.63293946
vn -0 0.70394117 -0.7102583
vn -0 0.57852304 -0.815666
vn -0 0.66055816 -0.75077486
vn -0 0.7581985 -0.6520238
vn -0 0.84964293 -0.52735835
vn -0 0.6800769 -0.73314077
vn -0 0.7244157 -0.68936336
vn -0 0.6672534 -0.7448308
vn -0 0.685913 -0.72768354
vn -0 -0.8181975 -0.5749373
vn -0 -0.8468733 -0.5317947
vn -0 -0.78448737 -0.6201448
vn -0 -0.8174323 -0.5760247
vn -0 -0.8919155 -0.45220214
vn -0 -0.8274213 -0.56158173
vn -0 0.8380854 -0.5455391
vn -0 0.7536955 -0.6572238
vn -0 0.8137123 -0.58126783
vn -0 0.8990684 -0.4378082
vn -0 0.8814654 -0.4722486
vn -0 0.77481276 -0.6321908
vn -0 0.6687984 -0.74344385
vn -0 0.78173536 -0.6236103
vn -0 0.8405937 -0.54166615
vn -0 0.84290105 -0.5380686
vn -0 0.9142515 -0.40514717
vn -0 0.6883127 -0.7254141
vn -0 0.67866987 -0.7344435
vn -0 0.71384394 -0.70030487
vn -0 -0.67866987 -0.7344435
vn -0 -0.6157345 -0.7879537
vn -0 0.98793244 -0.15488522
vn -0 0.9580789 -0.28650436
vn -0 0.6115876 -0.79117674
vn -0 0.58547705 -0.810689
vn -0 -0.8319061 -0.55491644
vn -0 -0.883769 -0.46792346
vn -0 -0.65000045 -0.7599338
vn -0 0.47333744 -0.8808812
vn -0 0.3740012 -0.9274282
vn -0 0.60076797 -0.79942346
vn -0 0.56021035 -0.8283504
vn -0 0.28364682 -0.9589288
vn -0 0.27268136 -0.9621044
vn -0 0.3811178 -0.9245265
vn -0 -0.88565445 -0.4643449
vn -0 -0.83356446 -0.55242217
vn -0 -0.71670836 -0.69737303
vn -0 0.8694835 -0.49396205
vn -0 0.90388477 -0.427776
vn -0 -0.9704268 -0.2413957
vn -0 -0.9610568 -0.27635074
vn -0 -0.9412748 -0.33764148
vn -0 -0.9942803 -0.106802404
vn -0 -0.97963643 -0.20077969
vn -0 0.92411906 -0.3821046
vn -0 0.85020524 -0.52645135
vn -0 0.9567769 -0.29082277
vn -0 -0.63062644 -0.77608657
vn -0 -0.5464389 -0.83749896
vn -0 -0.91445386 -0.40469024
vn -0 -0.8698648 -0.4932902
vn -0 -0.90097666 -0.4338676
vn -0 0.86316705 -0.50491846
vn -0 -0.48499924 -0.8745146
vn -0 -0.56868845 -0.82255304
vn -0 -0.5176427 -0.8555969
vn -0 0.6779322 -0.7351244
vn -0 0.5766513 -0.81699044
vn -0 0.6936526 -0.72030973
vn -0 0.8173434 -0.57615083
vn -0 -0.40885466 -0.9125995
vn -0 -0.46709237 -0.8842085
vn -0 -0.60873437 -0.7933741
vn -0 0.83488405 -0.5504259
vn -0 0.8815034 -0.47217762
vn -0 -0.7648974 -0.64415216
vn -0 0.8140287 -0.5808247
vn -0 0.88787705 -0.46008083
vn -0 -0.63464683 -0.7728023
vn -0 -0.7082053 -0.7060066
vn -0 -0.58832717 -0.808623
vn -0 -0.58143497 -0.81359285
vn -0 -0.68291664 -0.7304963
vn -0 -0.8814568 -0.47226468
vn -0 0.6701848 -0.7421943
vn -0 0.5701655 -0.82152987
vn -0 0.9904329 -0.13799487
vn -0 -0.69263256 -0.7212906
vn -0 -0.5957773 -0.8031497
vn -0 -0.826684 -0.5626665
vn -0 -0.9032587 -0.42909643
vn -0 0.60050726 -0.7996193
vn -0 -0.8737553 -0.48636582
vn -0 -0.9134705 -0.40690494
vn -0 -0.89870656 -0.43855053
vn -0 -0.920788 -0.3900635
vn -0 -0.9564821 -0.2917909
vn -0 0.5497131 -0.83535355
vn -0 -0.6979353 -0.71616083
vn -0 -0.5697509 -0.82181746
vn -0 0.8016266 -0.597825
vn -0 -0.9409792 -0.3384644
vn -0 0.64855963 -0.76116383
vn -0 0.71902794 -0.69498116
vn -0 0.949154 -0.3148121
vn -0 0.97039163 -0.24153693
vn -0 0.98973215 -0.14293468
vn -0 0.738843 -0.6738776
vn -0 0.9036449 -0.42828253
vn -0 0.96980894 -0.2438659
vn -0 -0.5945915 -0.804028
vn -0 0.17506857 -0.98455626
vn -0 0.088295005 -0.99609435
vn -0 0.26441333 -0.9644095
vn -0 0.98762816 -0.15681392
vn -0 -0.93022174 -0.36699796
vn -0 0.942116 -0.335287
vn -0 -0.9667608 -0.2556824
vn -0 -0.9682051 -0.25015774
vn -0 -0.9958996 -0.09046549
vn -0 -0.9364019 -0.35092938
vn -0 -0.2941994 -0.955744
vn -0 -0.46709245 -0.8842085
vn -0 -0.29842806 -0.95443213
vn -0 -0.4670924 -0.8842085
vn -0 -0.2914238 -0.95659405
vn -0 -0.20338146 -0.9790996
vn -0 -0.81418467 -0.58060604
vn -0 0.87547 -0.4832725
vn -0 -0.38459605 -0.923085
vn -0 -0.058365457 -0.9982953
vn -0 -0.11741274 -0.9930832
vn -0 -0.029461535 -0.9995659
vn -0 0.09834621 -0.99515224
vn -0 0.095444806 -0.9954347
vn -0 -0.23898502 -0.97102326
vn -0 -0.09831652 -0.9951552
vn -0 -0.19955422 -0.9798868
vn -0 -0.30104622 -0.9536095
vn -0 0.27268222 -0.96210414
vn -0 0.3740018 -0.92742795
vn -0 0.93253034 -0.36109158
vn -0 0.010378816 -0.9999461
vn -0 0.19624507 -0.9805549
vn -0 0.2728863 -0.96204627
vn -0 0.37400022 -0.9274286
vn -0 -0.87030494 -0.49251327
vn -0 0.2726782 -0.9621053
vn -0 -0.29141888 -0.95659554
vn -0 -0.20338495 -0.97909886
vn -0 -0.2033314 -0.97911
vn -0 -0.29141837 -0.9565957
vn -0 0.43963376 -0.89817715
vn -0 -0.2914182 -0.9565958
vn -0 -0.20338412 -0.97909904
vn -0 0.337146 -0.9414524
vn -0 0.264387 -0.9644167
vn -0 0.17505215 -0.9845592
vn -0 0.088291064 -0.9960947
vn -0 -0.19955121 -0.9798874
vn -0 -0.3010571 -0.9536061
vn -0 -0.4088542 -0.91259974
vn -0 -0.3845996 -0.9230835
vn -0 -0.11745084 -0.9930787
vn -0 -0.029492313 -0.999565
vn -0 0.4521221 -0.8919561
vn -0 0.359421 -0.9331755
vn -0 0.26441634 -0.96440864
vn -0 0.08829727 -0.99609417
vn -0 -0.09834342 -0.99515253
vn -0 -0.38458228 -0.9230907
vn -0 -0.117414236 -0.993083
vn -0 0.3594044 -0.9331819
vn -0 0.010381722 -0.9999461
vn -0 0.17507124 -0.9845558
vn -0 0.4521046 -0.8919649
o Unnamed-0
f 1//1 2//1 3//1
f 1//1 4//1 2//1
f 5//1 3//1 2//1
f 6//1 7//1 2//1
f 4//1 8//1 2//1
f 2//1 7//1 5//1
f 9//2 10//2 11//2
f 9//2 12//2 10//2
f 11//2 10//2 13//2
f 13//2 10//2 14//2
f 14//2 10//2 15//2
f 15//2 10//2 16//2
f 16//2 10//2 17//2
f 17//2 10//2 18//2
f 18//2 10//2 19//2
f 20//2 18//2 19//2
f 21//2 20//2 19//2
f 22//2 21//2 19//2
f 23//2 22//2 19//2
f 19//2 24//2 23//2
f 19//2 25//2 24//2
f 26//2 27//2 19//2
f 28//2 26//2 19//2
f 28//2 29//2 26//2
f 30//2 28//2 31//2
f 30//2 32//2 28//2
f 31//2 28//2 33//2
f 33//2 28//2 34//2
f 34//2 28//2 35//2
f 35//2 28//2 36//2
f 36//2 28//2 37//2
f 38//2 36//2 37//2
f 39//2 38//2 37//2
f 40//2 39//2 37//2
f 37//2 41//2 40//2
f 37//2 42//2 41//2
f 28//2 32//2 29//2
f 37//2 43//2 44//2
f 37//2 45//2 43//2
f 46//2 47//2 48//2
f 48//2 47//2 45//2
f 49//2 48//2 50//2
f 49//2 46//2 48//2
f 50//2 48//2 51//2
f 51//2 48//2 52//2
f 52//2 48//2 53//2
f 53//2 48//2 54//2
f 54//2 48//2 55//2
f 56//2 54//2 55//2
f 57//2 56//2 55//2
f 58//2 57//2 55//2
f 55//2 59//2 58//2
f 55//2 60//2 59//2
f 55//2 61//2 60//2
f 55//2 62//2 61//2
f 55//2 63//2 62//2
f 64//2 65//2 66//2
f 66//2 65//2 63//2
f 67//2 66//2 68//2
f 67//2 64//2 66//2
f 68//2 66//2 69//2
f 69//2 66//2 70//2
f 70//2 66//2 71//2
f 71//2 66//2 72//2
f 72//2 66//2 73//2
f 74//2 72//2 73//2
f 75//2 74//2 73//2
f 76//2 75//2 73//2
f 73//2 77//2 76//2
f 73//2 78//2 77//2
f 73//2 79//2 78//2
f 37//2 48//2 45//2
f 73//2 80//2 79//2
f 37//2 44//2 42//2
f 80//2 73//2 12//2
f 12//2 73//2 10//2
f 27//2 25//2 19//2
f 55//2 66//2 63//2
f 28//3 19//3 2//3
f 19//3 6//3 2//3
f 37//4 8//4 48//4
f 48//4 8//4 4//4
f 28//5 2//5 37//5
f 2//5 8//5 37//5
f 7//6 10//6 5//6
f 5//6 10//6 73//6
f 6//7 19//7 7//7
f 19//7 10//7 7//7
f 81//8 82//8 83//8
f 81//8 84//8 82//8
f 83//8 82//8 85//8
f 86//8 85//8 87//8
f 88//8 86//8 87//8
f 89//8 88//8 90//8
f 91//8 89//8 90//8
f 92//8 93//8 91//8
f 92//8 94//8 93//8
f 95//8 96//8 94//8
f 96//8 95//8 97//8
f 98//8 96//8 97//8
f 99//8 98//8 100//8
f 101//8 99//8 100//8
f 102//8 103//8 104//8
f 105//8 1//8 106//8
f 105//8 107//8 1//8
f 106//8 1//8 108//8
f 108//8 1//8 109//8
f 109//8 1//8 110//8
f 110//8 1//8 111//8
f 1//8 107//8 112//8
f 111//8 1//8 113//8
f 113//8 1//8 114//8
f 114//8 1//8 115//8
f 115//8 1//8 116//8
f 112//8 107//8 117//8
f 116//8 1//8 118//8
f 118//8 1//8 119//8
f 119//8 1//8 120//8
f 117//8 107//8 121//8
f 120//8 1//8 122//8
f 122//8 1//8 123//8
f 123//8 1//8 124//8
f 125//8 117//8 121//8
f 101//8 126//8 99//8
f 3//8 127//8 1//8
f 3//8 128//8 127//8
f 3//8 129//8 128//8
f 3//8 130//8 129//8
f 3//8 131//8 130//8
f 3//8 132//8 131//8
f 3//8 133//8 132//8
f 3//8 134//8 133//8
f 3//8 135//8 134//8
f 136//8 3//8 137//8
f 136//8 138//8 3//8
f 137//8 3//8 139//8
f 139//8 3//8 140//8
f 140//8 3//8 141//8
f 142//8 141//8 3//8
f 143//8 142//8 3//8
f 144//8 143//8 3//8
f 145//8 146//8 147//8
f 145//8 144//8 146//8
f 148//8 145//8 147//8
f 149//8 148//8 147//8
f 149//8 150//8 148//8
f 151//8 152//8 150//8
f 151//8 153//8 152//8
f 152//8 153//8 154//8
f 154//8 155//8 156//8
f 156//8 155//8 157//8
f 158//8 156//8 157//8
f 159//8 158//8 160//8
f 161//8 159//8 160//8
f 162//8 163//8 161//8
f 162//8 164//8 163//8
f 138//8 135//8 3//8
f 146//8 144//8 3//8
f 165//8 166//8 167//8
f 165//8 168//8 166//8
f 167//8 166//8 169//8
f 170//8 169//8 171//8
f 172//8 170//8 171//8
f 173//8 172//8 174//8
f 175//8 173//8 174//8
f 176//8 177//8 175//8
f 176//8 178//8 177//8
f 179//8 180//8 178//8
f 180//8 179//8 181//8
f 182//8 180//8 181//8
f 183//8 182//8 184//8
f 185//8 183//8 184//8
f 186//8 187//8 188//8
f 189//8 1//8 112//8
f 189//8 190//8 1//8
f 189//8 191//8 190//8
f 124//8 1//8 127//8
f 125//8 121//8 104//8
f 103//8 125//8 104//8
f 192//8 103//8 102//8
f 189//8 193//8 191//8
f 126//8 192//8 102//8
f 126//8 101//8 192//8
f 97//8 100//8 98//8
f 95//8 94//8 92//8
f 191//8 193//8 194//8
f 93//8 89//8 91//8
f 88//8 87//8 90//8
f 83//8 85//8 86//8
f 194//8 193//8 195//8
f 84//8 196//8 82//8
f 185//8 197//8 183//8
f 84//8 198//8 199//8
f 199//8 198//8 200//8
f 200//8 198//8 201//8
f 202//8 200//8 201//8
f 203//8 202//8 201//8
f 203//8 204//8 202//8
f 203//8 205//8 204//8
f 204//8 205//8 206//8
f 206//8 205//8 164//8
f 162//8 206//8 164//8
f 155//8 154//8 153//8
f 158//8 157//8 160//8
f 150//8 149//8 151//8
f 207//8 146//8 3//8
f 208//8 209//8 210//8
f 208//8 207//8 209//8
f 211//8 208//8 210//8
f 212//8 211//8 213//8
f 214//8 212//8 213//8
f 214//8 215//8 212//8
f 214//8 216//8 215//8
f 215//8 216//8 217//8
f 217//8 218//8 219//8
f 219//8 218//8 220//8
f 221//8 219//8 220//8
f 222//8 221//8 223//8
f 224//8 222//8 223//8
f 225//8 226//8 224//8
f 225//8 227//8 226//8
f 161//8 163//8 159//8
f 209//8 207//8 3//8
f 168//8 228//8 166//8
f 229//8 230//8 231//8
f 229//8 232//8 230//8
f 231//8 230//8 233//8
f 234//8 233//8 235//8
f 236//8 234//8 235//8
f 237//8 236//8 238//8
f 239//8 237//8 238//8
f 240//8 241//8 239//8
f 240//8 242//8 241//8
f 243//8 244//8 242//8
f 244//8 243//8 245//8
f 246//8 244//8 245//8
f 247//8 246//8 248//8
f 249//8 247//8 248//8
f 250//8 251//8 252//8
f 190//8 55//8 1//8
f 190//8 253//8 55//8
f 199//8 196//8 84//8
f 194//8 195//8 254//8
f 254//8 195//8 188//8
f 187//8 254//8 188//8
f 255//8 187//8 186//8
f 197//8 255//8 186//8
f 55//8 253//8 256//8
f 197//8 185//8 255//8
f 181//8 184//8 182//8
f 179//8 178//8 176//8
f 177//8 173//8 175//8
f 256//8 253//8 257//8
f 172//8 171//8 174//8
f 167//8 169//8 170//8
f 257//8 253//8 258//8
f 168//8 259//8 228//8
f 168//8 260//8 259//8
f 249//8 261//8 247//8
f 262//8 260//8 263//8
f 264//8 262//8 263//8
f 265//8 264//8 263//8
f 265//8 266//8 264//8
f 265//8 267//8 266//8
f 266//8 267//8 268//8
f 268//8 267//8 269//8
f 270//8 268//8 269//8
f 227//8 270//8 269//8
f 218//8 217//8 216//8
f 221//8 220//8 223//8
f 211//8 210//8 213//8
f 271//8 66//8 272//8
f 271//8 209//8 66//8
f 273//8 271//8 272//8
f 274//8 273//8 272//8
f 274//8 275//8 273//8
f 274//8 276//8 275//8
f 275//8 276//8 277//8
f 277//8 276//8 278//8
f 279//8 280//8 281//8
f 281//8 280//8 282//8
f 283//8 281//8 282//8
f 284//8 283//8 285//8
f 286//8 284//8 285//8
f 286//8 287//8 284//8
f 288//8 289//8 287//8
f 224//8 226//8 222//8
f 66//8 209//8 3//8
f 232//8 290//8 230//8
f 291//8 55//8 292//8
f 291//8 293//8 55//8
f 292//8 55//8 294//8
f 294//8 55//8 295//8
f 295//8 55//8 296//8
f 296//8 55//8 297//8
f 297//8 55//8 298//8
f 298//8 55//8 299//8
f 299//8 55//8 300//8
f 300//8 55//8 301//8
f 301//8 55//8 302//8
f 302//8 55//8 303//8
f 304//8 303//8 55//8
f 305//8 304//8 55//8
f 306//8 305//8 55//8
f 307//8 306//8 55//8
f 256//8 307//8 55//8
f 270//8 227//8 225//8
f 260//8 262//8 259//8
f 257//8 258//8 308//8
f 308//8 258//8 252//8
f 251//8 308//8 252//8
f 309//8 251//8 250//8
f 261//8 309//8 250//8
f 261//8 249//8 309//8
f 245//8 248//8 246//8
f 243//8 242//8 240//8
f 241//8 237//8 239//8
f 236//8 235//8 238//8
f 231//8 233//8 234//8
f 310//8 289//8 288//8
f 232//8 311//8 290//8
f 232//8 312//8 311//8
f 311//8 312//8 313//8
f 313//8 312//8 314//8
f 315//8 316//8 314//8
f 315//8 317//8 316//8
f 315//8 318//8 317//8
f 317//8 318//8 319//8
f 319//8 318//8 320//8
f 310//8 319//8 320//8
f 289//8 310//8 320//8
f 280//8 279//8 278//8
f 283//8 282//8 285//8
f 277//8 278//8 279//8
f 321//8 66//8 322//8
f 321//8 323//8 66//8
f 322//8 66//8 324//8
f 324//8 66//8 325//8
f 325//8 66//8 326//8
f 326//8 66//8 327//8
f 327//8 66//8 328//8
f 328//8 66//8 329//8
f 329//8 66//8 330//8
f 330//8 66//8 331//8
f 331//8 66//8 332//8
f 332//8 66//8 333//8
f 333//8 66//8 334//8
f 334//8 66//8 335//8
f 336//8 335//8 66//8
f 286//8 288//8 287//8
f 316//8 313//8 314//8
f 293//8 66//8 55//8
f 66//8 323//8 272//8
f 66//8 293//8 336//8
f 48//9 4//9 55//9
f 4//9 1//9 55//9
f 5//10 73//10 3//10
f 73//10 66//10 3//10
f 337//2 338//2 339//2
f 340//2 338//2 337//2
f 341//2 338//2 340//2
f 342//2 338//2 341//2
f 343//2 338//2 342//2
f 344//2 338//2 343//2
f 345//2 338//2 344//2
f 346//2 338//2 345//2
f 347//2 338//2 346//2
f 348//2 338//2 347//2
f 349//2 338//2 348//2
f 350//2 351//2 338//2
f 350//2 338//2 349//2
f 351//2 352//2 338//2
f 352//2 353//2 338//2
f 353//2 354//2 338//2
f 354//2 355//2 338//2
f 338//2 355//2 356//2
f 338//2 356//2 357//2
f 338//2 357//2 358//2
f 338//2 358//2 359//2
f 338//2 359//2 360//2
f 338//2 360//2 361//2
f 338//2 361//2 362//2
f 338//2 362//2 363//2
f 364//2 338//2 365//2
f 338//2 363//2 365//2
f 366//2 338//2 364//2
f 367//2 338//2 366//2
f 368//2 369//2 338//2
f 369//2 370//2 338//2
f 370//2 371//2 338//2
f 338//2 371//2 372//2
f 338//2 372//2 373//2
f 338//2 373//2 374//2
f 338//2 374//2 375//2
f 338//2 375//2 376//2
f 338//2 376//2 377//2
f 338//2 377//2 378//2
f 338//2 378//2 379//2
f 380//2 338//2 381//2
f 338//2 379//2 381//2
f 382//2 338//2 380//2
f 383//2 338//2 382//2
f 384//2 338//2 383//2
f 385//2 338//2 384//2
f 386//2 338//2 385//2
f 386//2 387//2 338//2
f 387//2 388//2 338//2
f 388//2 389//2 338//2
f 389//2 390//2 338//2
f 390//2 391//2 338//2
f 391//2 392//2 338//2
f 392//2 393//2 338//2
f 393//2 394//2 338//2
f 338//2 395//2 396//2
f 394//2 395//2 338//2
f 338//2 396//2 397//2
f 338//2 397//2 398//2
f 338//2 398//2 399//2
f 338//2 367//2 368//2
f 400//2 338//2 399//2
f 401//11 402//12 336//13
f 401//11 293//14 403//14
f 402//12 335//15 336//13
f 404//16 334//17 335//15
f 405//18 334//17 404//16
f 406//19 333//20 405//18
f 333//20 406//19 332//21
f 332//21 407//22 331//23
f 331//23 408//24 330//25
f 408//24 329//26 330//25
f 409//27 328//28 329//26
f 410//29 327//30 328//28
f 411//31 327//30 410//29
f 325//32 326//33 411//31
f 325//32 411//31 412//34
f 324//35 412//34 413//36
f 322//37 413//36 414//38
f 322//37 414//38 321//39
f 415//40 323//40 321//39
f 416//41 272//42 415//40
f 274//43 272//42 416//41
f 276//44 274//43 417//45
f 276//44 417//45 418//46
f 276//44 418//46 278//47
f 419//48 420//49 286//50
f 278//47 421//51 280//52
f 422//53 423//54 317//55
f 290//2 311//56 424//2
f 311//56 425//57 424//2
f 313//58 425//57 311//56
f 426//59 425//57 313//58
f 426//59 313//58 316//60
f 426//59 316//60 423//54
f 316//60 317//55 423//54
f 317//55 319//61 422//53
f 319//61 427//62 422//53
f 310//63 427//62 319//61
f 428//64 427//62 310//63
f 428//64 310//63 420//49
f 310//63 288//65 420//49
f 288//65 286//50 420//49
f 286//50 285//66 419//48
f 285//66 429//67 419//48
f 282//68 429//67 285//66
f 421//51 429//67 282//68
f 421//51 282//68 280//52
f 418//46 421//51 278//47
f 274//43 416//41 417//45
f 272//42 323//40 415//40
f 415//40 321//39 414//38
f 413//36 322//37 324//35
f 412//34 324//35 325//32
f 327//30 411//31 326//33
f 328//28 409//27 410//29
f 329//26 408//24 409//27
f 408//24 331//23 407//22
f 407//22 332//21 406//19
f 405//18 333//20 334//17
f 336//13 293//14 401//11
f 404//16 335//15 402//12
f 291//69 430//70 293//14
f 431//71 432//72 291//69
f 431//71 291//69 292//73
f 433//74 431//71 294//75
f 433//74 294//75 295//76
f 434//77 295//76 296//78
f 434//77 296//78 435//79
f 296//78 297//80 435//79
f 297//80 298//81 436//82
f 298//81 299//83 436//82
f 299//83 437//84 436//82
f 300//85 438//86 437//84
f 301//87 439//88 438//86
f 302//89 439//88 301//87
f 303//90 439//88 302//89
f 304//91 440//92 303//90
f 441//93 440//92 304//91
f 442//94 441//93 305//95
f 442//94 305//95 306//96
f 442//94 306//96 443//97
f 443//97 307//97 256//98
f 443//97 256//98 444//99
f 256//98 257//100 444//99
f 257//100 308//101 445//102
f 308//101 446//103 445//102
f 251//104 447//105 446//103
f 309//106 447//105 251//104
f 249//107 447//105 309//106
f 248//108 448//109 249//107
f 449//110 448//109 248//108
f 450//111 240//112 451//113
f 424//2 230//114 290//2
f 452//115 230//114 424//2
f 233//116 230//114 452//115
f 233//116 452//115 453//117
f 233//116 453//117 235//118
f 453//117 454//119 235//118
f 454//119 238//120 235//118
f 455//121 238//120 454//119
f 239//122 238//120 455//121
f 239//122 455//121 451//113
f 239//122 451//113 240//112
f 240//112 450//111 456//123
f 240//112 456//123 243//124
f 456//123 245//125 243//124
f 449//110 245//125 456//123
f 248//108 245//125 449//110
f 447//105 249//107 448//109
f 446//103 308//101 251//104
f 445//102 444//99 257//100
f 307//97 443//97 306//96
f 304//91 305//95 441//93
f 439//88 303//90 440//92
f 301//87 438//86 300//85
f 300//85 437//84 299//83
f 292//73 294//75 431//71
f 434//77 433//74 295//76
f 430//70 291//69 432//72
f 293//14 430//70 403//14
f 435//79 297//80 436//82
f 407//8 457//8 415//8
f 408//8 407//8 409//8
f 409//8 407//8 410//8
f 407//8 411//8 410//8
f 413//8 412//8 407//8
f 407//8 412//8 411//8
f 414//8 413//8 407//8
f 414//8 407//8 415//8
f 415//8 428//8 416//8
f 416//8 428//8 417//8
f 417//8 428//8 418//8
f 418//8 428//8 421//8
f 421//8 428//8 429//8
f 428//8 419//8 429//8
f 419//8 428//8 420//8
f 457//8 428//8 415//8
f 450//8 458//8 443//8
f 456//8 450//8 449//8
f 449//8 450//8 448//8
f 450//8 447//8 448//8
f 445//8 446//8 450//8
f 450//8 446//8 447//8
f 444//8 445//8 450//8
f 444//8 450//8 443//8
f 443//8 435//8 442//8
f 442//8 435//8 441//8
f 441//8 435//8 440//8
f 440//8 435//8 439//8
f 439//8 435//8 438//8
f 438//8 435//8 437//8
f 435//8 436//8 437//8
f 458//8 435//8 443//8
f 459//126 460//127 312//13
f 459//126 232//14 461//14
f 460//127 314//15 312//13
f 462//128 315//17 314//15
f 463//129 315//17 462//128
f 464//130 318//20 463//129
f 318//20 464//130 320//21
f 320//21 465//22 289//23
f 289//23 466//24 287//25
f 466//24 284//26 287//25
f 467//27 283//28 284//26
f 468//29 281//30 283//28
f 469//31 281//30 468//29
f 277//32 279//33 469//31
f 277//32 469//31 470//34
f 275//35 470//34 471//36
f 273//37 471//36 472//38
f 273//37 472//38 271//39
f 473//40 209//40 271//39
f 474//41 210//42 473//40
f 213//43 210//42 474//41
f 214//44 213//43 475//45
f 214//44 475//45 476//46
f 214//44 476//46 216//47
f 477//48 478//49 224//50
f 216//47 479//51 218//52
f 480//131 481//132 266//55
f 228//2 259//56 482//2
f 259//56 483//133 482//2
f 262//58 483//133 259//56
f 484//134 483//133 262//58
f 484//134 262//58 264//60
f 484//134 264//60 481//132
f 264//60 266//55 481//132
f 266//55 268//61 480//131
f 268//61 485//135 480//131
f 270//63 485//135 268//61
f 486//64 485//135 270//63
f 486//64 270//63 478//49
f 270//63 225//65 478//49
f 225//65 224//50 478//49
f 224//50 223//66 477//48
f 223//66 487//67 477//48
f 220//68 487//67 223//66
f 479//51 487//67 220//68
f 479//51 220//68 218//52
f 476//46 479//51 216//47
f 213//43 474//41 475//45
f 210//42 209//40 473//40
f 473//40 271//39 472//38
f 471//36 273//37 275//35
f 470//34 275//35 277//32
f 281//30 469//31 279//33
f 283//28 467//27 468//29
f 284//26 466//24 467//27
f 466//24 289//23 465//22
f 465//22 320//21 464//130
f 463//129 318//20 315//17
f 312//13 232//14 459//126
f 462//128 314//15 460//127
f 229//69 488//136 232//14
f 489//137 490//138 229//69
f 489//137 229//69 231//73
f 491//139 489//137 234//75
f 491//139 234//75 236//76
f 492//140 236//76 237//78
f 492//140 237//78 493//79
f 237//78 241//80 493//79
f 241//80 242//81 494//82
f 242//81 244//83 494//82
f 244//83 495//84 494//82
f 246//85 496//86 495//84
f 247//87 497//88 496//86
f 261//89 497//88 247//87
f 250//90 497//88 261//89
f 252//91 498//92 250//90
f 499//93 498//92 252//91
f 500//94 499//93 258//95
f 500//94 258//95 253//96
f 500//94 253//96 501//97
f 501//97 190//97 191//98
f 501//97 191//98 502//99
f 191//98 194//100 502//99
f 194//100 254//101 503//102
f 254//101 504//103 503//102
f 187//104 505//105 504//103
f 255//106 505//105 187//104
f 185//107 505//105 255//106
f 184//108 506//109 185//107
f 507//110 506//109 184//108
f 508//111 176//112 509//141
f 482//2 166//114 228//2
f 510//142 166//114 482//2
f 169//116 166//114 510//142
f 169//116 510//142 511//143
f 169//116 511//143 171//118
f 511//143 512//144 171//118
f 512//144 174//120 171//118
f 513//145 174//120 512//144
f 175//122 174//120 513//145
f 175//122 513//145 509//141
f 175//122 509//141 176//112
f 176//112 508//111 514//123
f 176//112 514//123 179//124
f 514//123 181//125 179//124
f 507//110 181//125 514//123
f 184//108 181//125 507//110
f 505//105 185//107 506//109
f 504//103 254//101 187//104
f 503//102 502//99 194//100
f 190//97 501//97 253//96
f 252//91 258//95 499//93
f 497//88 250//90 498//92
f 247//87 496//86 246//85
f 246//85 495//84 244//83
f 231//73 234//75 489//137
f 492//140 491//139 236//76
f 488//136 229//69 490//138
f 232//14 488//136 461//14
f 493//79 241//80 494//82
f 465//8 515//8 473//8
f 466//8 465//8 467//8
f 467//8 465//8 468//8
f 465//8 469//8 468//8
f 471//8 470//8 465//8
f 465//8 470//8 469//8
f 472//8 471//8 465//8
f 472//8 465//8 473//8
f 473//8 486//8 474//8
f 474//8 486//8 475//8
f 475//8 486//8 476//8
f 476//8 486//8 479//8
f 479//8 486//8 487//8
f 486//8 477//8 487//8
f 477//8 486//8 478//8
f 515//8 486//8 473//8
f 508//8 516//8 501//8
f 514//8 508//8 507//8
f 507//8 508//8 506//8
f 508//8 505//8 506//8
f 503//8 504//8 508//8
f 508//8 504//8 505//8
f 502//8 503//8 508//8
f 502//8 508//8 501//8
f 501//8 493//8 500//8
f 500//8 493//8 499//8
f 499//8 493//8 498//8
f 498//8 493//8 497//8
f 497//8 493//8 496//8
f 496//8 493//8 495//8
f 493//8 494//8 495//8
f 516//8 493//8 501//8
f 517//146 518//147 260//13
f 517//146 168//14 519//14
f 518//147 263//15 260//13
f 520//148 265//17 263//15
f 521//149 265//17 520//148
f 522//150 267//20 521//149
f 267//20 522//150 269//21
f 269//21 523//22 227//23
f 227//23 524//24 226//25
f 524//24 222//26 226//25
f 525//27 221//28 222//26
f 526//29 219//30 221//28
f 527//31 219//30 526//29
f 215//32 217//33 527//31
f 215//32 527//31 528//34
f 212//35 528//34 529//36
f 211//37 529//36 530//38
f 211//37 530//38 208//39
f 531//40 207//40 208//39
f 532//41 146//42 531//40
f 147//43 146//42 532//41
f 149//44 147//43 533//45
f 149//44 533//45 534//46
f 149//44 534//46 151//47
f 535//48 536//49 160//50
f 151//47 537//51 153//52
f 538//151 539//152 204//55
f 196//2 199//56 540//2
f 199//56 541//153 540//2
f 200//58 541//153 199//56
f 542//154 541//153 200//58
f 542//154 200//58 202//60
f 542//154 202//60 539//152
f 202//60 204//55 539//152
f 204//55 206//61 538//151
f 206//61 543//62 538//151
f 162//63 543//62 206//61
f 544//64 543//62 162//63
f 544//64 162//63 536//49
f 162//63 161//65 536//49
f 161//65 160//50 536//49
f 160//50 157//66 535//48
f 157//66 545//67 535//48
f 155//68 545//67 157//66
f 537//51 545//67 155//68
f 537//51 155//68 153//52
f 534//46 537//51 151//47
f 147//43 532//41 533//45
f 146//42 207//40 531//40
f 531//40 208//39 530//38
f 529//36 211//37 212//35
f 528//34 212//35 215//32
f 219//30 527//31 217//33
f 221//28 525//27 526//29
f 222//26 524//24 525//27
f 524//24 227//23 523//22
f 523//22 269//21 522//150
f 521//149 267//20 265//17
f 260//13 168//14 517//146
f 520//148 263//15 518//147
f 165//69 546//155 168//14
f 547//156 548//157 165//69
f 547//156 165//69 167//73
f 549//158 547//156 170//75
f 549//158 170//75 172//76
f 550//159 172//76 173//78
f 550//159 173//78 551//79
f 173//78 177//80 551//79
f 177//80 178//81 552//82
f 178//81 180//83 552//82
f 180//83 553//84 552//82
f 182//85 554//86 553//84
f 183//87 555//88 554//86
f 197//89 555//88 183//87
f 186//90 555//88 197//89
f 188//91 556//92 186//90
f 557//93 556//92 188//91
f 558//94 557//93 195//95
f 558//94 195//95 193//96
f 558//94 193//96 559//97
f 559//97 189//97 112//98
f 559//97 112//98 560//99
f 112//98 117//100 560//99
f 117//100 125//101 561//102
f 125//101 562//103 561//102
f 103//104 563//105 562//103
f 192//106 563//105 103//104
f 101//107 563//105 192//106
f 100//108 564//109 101//107
f 565//110 564//109 100//108
f 566//111 92//112 567//160
f 540//2 82//114 196//2
f 568//161 82//114 540//2
f 85//116 82//114 568//161
f 85//116 568//161 569//162
f 85//116 569//162 87//118
f 569//162 570//163 87//118
f 570//163 90//120 87//118
f 571//164 90//120 570//163
f 91//122 90//120 571//164
f 91//122 571//164 567//160
f 91//122 567//160 92//112
f 92//112 566//111 572//123
f 92//112 572//123 95//124
f 572//123 97//125 95//124
f 565//110 97//125 572//123
f 100//108 97//125 565//110
f 563//105 101//107 564//109
f 562//103 125//101 103//104
f 561//102 560//99 117//100
f 189//97 559//97 193//96
f 188//91 195//95 557//93
f 555//88 186//90 556//92
f 183//87 554//86 182//85
f 182//85 553//84 180//83
f 167//73 170//75 547//156
f 550//159 549//158 172//76
f 546//155 165//69 548//157
f 168//14 546//155 519//14
f 551//79 177//80 552//82
f 523//8 544//8 531//8
f 524//8 523//8 525//8
f 525//8 523//8 526//8
f 523//8 527//8 526//8
f 529//8 528//8 523//8
f 523//8 528//8 527//8
f 530//8 529//8 523//8
f 530//8 523//8 531//8
f 531//8 544//8 532//8
f 532//8 544//8 533//8
f 533//8 544//8 534//8
f 534//8 544//8 537//8
f 537//8 544//8 545//8
f 544//8 535//8 545//8
f 535//8 544//8 536//8
f 566//8 573//8 559//8
f 572//8 566//8 565//8
f 565//8 566//8 564//8
f 566//8 563//8 564//8
f 561//8 562//8 566//8
f 566//8 562//8 563//8
f 560//8 561//8 566//8
f 560//8 566//8 559//8
f 559//8 551//8 558//8
f 558//8 551//8 557//8
f 557//8 551//8 556//8
f 556//8 551//8 555//8
f 555//8 551//8 554//8
f 554//8 551//8 553//8
f 551//8 552//8 553//8
f 573//8 551//8 559//8
f 574//165 575//166 198//13
f 574//165 84//14 576//14
f 575//166 201//15 198//13
f 577//167 203//17 201//15
f 578//168 203//17 577//167
f 579//169 205//20 578//168
f 205//20 579//169 164//21
f 164//21 580//22 163//23
f 163//23 581//24 159//25
f 581//24 158//26 159//25
f 582//27 156//28 158//26
f 583//29 154//30 156//28
f 584//31 154//30 583//29
f 150//32 152//33 584//31
f 150//32 584//31 585//34
f 148//35 585//34 586//36
f 145//37 586//36 587//38
f 145//37 587//38 144//39
f 588//40 143//40 144//39
f 589//41 142//42 588//40
f 141//43 142//42 589//41
f 140//44 141//43 590//45
f 140//44 590//45 591//46
f 140//44 591//46 139//47
f 592//48 593//49 135//50
f 139//47 594//51 137//52
f 595//170 596//171 131//55
f 127//2 128//56 597//2
f 128//56 598//172 597//2
f 129//58 598//172 128//56
f 599//173 598//172 129//58
f 599//173 129//58 130//60
f 599//173 130//60 596//171
f 130//60 131//55 596//171
f 131//55 132//61 595//170
f 132//61 600//135 595//170
f 133//63 600//135 132//61
f 601//64 600//135 133//63
f 601//64 133//63 593//49
f 133//63 134//65 593//49
f 134//65 135//50 593//49
f 135//50 138//66 592//48
f 138//66 602//67 592//48
f 136//68 602//67 138//66
f 594//51 602//67 136//68
f 594//51 136//68 137//52
f 591//46 594//51 139//47
f 141//43 589//41 590//45
f 142//42 143//40 588//40
f 588//40 144//39 587//38
f 586//36 145//37 148//35
f 585//34 148//35 150//32
f 154//30 584//31 152//33
f 156//28 582//27 583//29
f 158//26 581//24 582//27
f 581//24 163//23 580//22
f 580//22 164//21 579//169
f 578//168 205//20 203//17
f 198//13 84//14 574//165
f 577//167 201//15 575//166
f 81//69 603//174 84//14
f 83//73 604//175 81//69
f 605//176 604//175 83//73
f 606//177 605//176 86//75
f 606//177 86//75 88//76
f 607//178 88//76 89//78
f 607//178 89//78 608//79
f 89//78 93//80 608//79
f 93//80 94//81 609//82
f 94//81 96//83 609//82
f 96//83 610//84 609//82
f 98//85 611//86 610//84
f 99//87 612//88 611//86
f 126//89 612//88 99//87
f 102//90 612//88 126//89
f 104//91 613//92 102//90
f 614//93 613//92 104//91
f 615//94 614//93 121//95
f 615//94 121//95 107//96
f 615//94 107//96 616//97
f 616//97 105//97 106//98
f 616//97 106//98 617//99
f 106//98 108//100 617//99
f 108//100 109//101 618//102
f 109//101 619//103 618//102
f 110//104 620//105 619//103
f 111//106 620//105 110//104
f 113//107 620//105 111//106
f 114//108 621//109 113//107
f 622//110 621//109 114//108
f 623//111 118//112 624//179
f 597//2 124//114 127//2
f 625//180 124//114 597//2
f 123//116 124//114 625//180
f 123//116 625//180 626//181
f 123//116 626//181 122//118
f 626//181 627//182 122//118
f 627//182 120//120 122//118
f 628//183 120//120 627//182
f 119//122 120//120 628//183
f 119//122 628//183 624//179
f 119//122 624//179 118//112
f 118//112 623//111 629//123
f 118//112 629//123 116//124
f 629//123 115//125 116//124
f 622//110 115//125 629//123
f 114//108 115//125 622//110
f 620//105 113//107 621//109
f 619//103 109//101 110//104
f 618//102 617//99 108//100
f 105//97 616//97 107//96
f 104//91 121//95 614//93
f 612//88 102//90 613//92
f 99//87 611//86 98//85
f 98//85 610//84 96//83
f 83//73 86//75 605//176
f 607//178 606//177 88//76
f 603//174 81//69 604//175
f 84//14 603//174 576//14
f 608//79 93//80 609//82
f 580//8 630//8 588//8
f 581//8 580//8 582//8
f 582//8 580//8 583//8
f 580//8 584//8 583//8
f 586//8 585//8 580//8
f 580//8 585//8 584//8
f 587//8 586//8 580//8
f 587//8 580//8 588//8
f 588//8 601//8 589//8
f 589//8 601//8 590//8
f 590//8 601//8 591//8
f 591//8 601//8 594//8
f 594//8 601//8 602//8
f 601//8 592//8 602//8
f 592//8 601//8 593//8
f 630//8 631//8 588//8
f 631//8 601//8 588//8
f 623//8 632//8 616//8
f 629//8 623//8 622//8
f 622//8 623//8 621//8
f 623//8 620//8 621//8
f 618//8 619//8 623//8
f 623//8 619//8 620//8
f 617//8 618//8 623//8
f 617//8 623//8 616//8
f 616//8 608//8 615//8
f 615//8 608//8 614//8
f 614//8 608//8 613//8
f 613//8 608//8 612//8
f 612//8 608//8 611//8
f 611//8 608//8 610//8
f 608//8 609//8 610//8
f 632//8 608//8 616//8
f 47//184 633//184 45//185
f 46//186 633//184 47//184
f 49//187 634//186 46//186
f 635//187 634//186 49//187
f 636//188 635//187 50//188
f 636//188 50//188 51//189
f 637//189 51//189 52//190
f 637//189 52//190 638//190
f 638//190 53//191 639//191
f 53//191 54//7 639//191
f 54//7 56//192 640//7
f 56//192 641//192 640//7
f 57//193 642//193 641//192
f 58//194 642//193 57//193
f 59//195 643//194 58//194
f 644//195 643//194 59//195
f 645//196 644//195 60//196
f 645//196 60//196 61//197
f 646//197 61//197 62//198
f 646//197 62//198 647//198
f 647//198 63//199 648//199
f 63//199 65//200 648//199
f 65//200 64//201 649//200
f 64//201 650//201 649//200
f 67//202 651//202 650//201
f 68//203 651//202 67//202
f 69//204 652//203 68//203
f 653//204 652//203 69//204
f 654//205 653//204 70//205
f 654//205 70//205 71//206
f 655//207 75//208 656//208
f 656//208 75//208 76//209
f 657//4 658//210 12//4
f 658//210 80//210 12//4
f 659//211 80//210 658//210
f 79//211 80//210 659//211
f 79//211 659//211 660//212
f 79//211 660//212 78//212
f 660//212 661//213 78//212
f 661//213 77//213 78//212
f 662//209 77//213 661//213
f 76//209 77//213 662//209
f 76//209 662//209 656//208
f 75//208 655//207 74//207
f 655//207 663//5 74//207
f 663//5 72//5 74//207
f 664//206 72//5 663//5
f 71//206 72//5 664//206
f 71//206 664//206 654//205
f 69//204 70//205 653//204
f 651//202 68//203 652//203
f 650//201 64//201 67//202
f 649//200 648//199 65//200
f 63//199 647//198 62//198
f 61//197 646//197 645//196
f 59//195 60//196 644//195
f 642//193 58//194 643//194
f 641//192 56//192 57//193
f 640//7 639//191 54//7
f 53//191 638//190 52//190
f 51//189 637//189 636//188
f 49//187 50//188 635//187
f 633//184 665//185 45//185
f 46//186 634//186 633//184
f 666//2 667//2 647//2
f 666//2 647//2 668//2
f 667//2 669//2 646//2
f 669//2 645//2 646//2
f 670//2 644//2 645//2
f 671//2 644//2 670//2
f 672//2 643//2 671//2
f 642//2 643//2 672//2
f 641//2 642//2 673//2
f 673//2 674//2 641//2
f 674//2 675//2 640//2
f 675//2 639//2 640//2
f 676//2 638//2 639//2
f 677//2 638//2 676//2
f 678//2 679//2 636//2
f 678//2 636//2 637//2
f 679//2 680//2 635//2
f 679//2 635//2 636//2
f 680//2 681//2 634//2
f 680//2 634//2 635//2
f 681//2 682//2 633//2
f 681//2 633//2 634//2
f 682//2 683//2 665//2
f 682//2 665//2 633//2
f 683//2 684//2 685//2
f 683//2 685//2 665//2
f 684//2 686//2 687//2
f 684//2 687//2 685//2
f 686//2 688//2 689//2
f 686//2 689//2 687//2
f 688//2 690//2 691//2
f 688//2 691//2 689//2
f 690//2 692//2 693//2
f 690//2 693//2 691//2
f 692//2 694//2 695//2
f 692//2 695//2 693//2
f 694//2 696//2 697//2
f 694//2 697//2 695//2
f 696//2 698//2 699//2
f 696//2 699//2 697//2
f 698//2 700//2 701//2
f 698//2 701//2 699//2
f 700//2 702//2 703//2
f 700//2 703//2 701//2
f 702//2 704//2 705//2
f 702//2 705//2 703//2
f 704//2 706//2 707//2
f 704//2 707//2 705//2
f 706//2 708//2 709//2
f 706//2 709//2 707//2
f 708//2 710//2 711//2
f 708//2 711//2 709//2
f 710//2 712//2 713//2
f 710//2 713//2 711//2
f 712//2 714//2 715//2
f 712//2 715//2 713//2
f 714//2 716//2 717//2
f 714//2 717//2 715//2
f 716//2 718//2 719//2
f 716//2 719//2 717//2
f 718//2 720//2 721//2
f 718//2 721//2 719//2
f 720//2 722//2 723//2
f 720//2 723//2 721//2
f 722//2 724//2 725//2
f 722//2 725//2 723//2
f 724//2 726//2 727//2
f 724//2 727//2 725//2
f 726//2 728//2 729//2
f 726//2 729//2 727//2
f 728//2 730//2 731//2
f 728//2 731//2 729//2
f 730//2 732//2 733//2
f 730//2 733//2 731//2
f 732//2 734//2 735//2
f 732//2 735//2 733//2
f 734//2 736//2 737//2
f 734//2 737//2 735//2
f 736//2 738//2 739//2
f 736//2 739//2 737//2
f 738//2 740//2 741//2
f 738//2 741//2 739//2
f 740//2 742//2 743//2
f 740//2 743//2 741//2
f 742//2 744//2 745//2
f 742//2 745//2 743//2
f 744//2 746//2 657//2
f 744//2 657//2 745//2
f 746//2 747//2 658//2
f 746//2 658//2 657//2
f 747//2 748//2 659//2
f 747//2 659//2 658//2
f 748//2 749//2 660//2
f 748//2 660//2 659//2
f 749//2 750//2 661//2
f 749//2 661//2 660//2
f 750//2 751//2 662//2
f 750//2 662//2 661//2
f 751//2 752//2 656//2
f 751//2 656//2 662//2
f 752//2 753//2 655//2
f 752//2 655//2 656//2
f 753//2 754//2 663//2
f 753//2 663//2 655//2
f 754//2 755//2 664//2
f 754//2 664//2 663//2
f 755//2 756//2 654//2
f 755//2 654//2 664//2
f 756//2 757//2 653//2
f 756//2 653//2 654//2
f 757//2 758//2 652//2
f 757//2 652//2 653//2
f 670//2 645//2 669//2
f 637//2 638//2 677//2
f 641//2 674//2 640//2
f 676//2 639//2 675//2
f 642//2 672//2 673//2
f 643//2 644//2 671//2
f 647//2 667//2 646//2
f 648//2 668//2 647//2
f 649//2 668//2 648//2
f 649//2 759//2 668//2
f 650//2 759//2 649//2
f 760//2 759//2 650//2
f 760//2 650//2 651//2
f 760//2 651//2 758//2
f 651//2 652//2 758//2
f 678//2 637//2 677//2
f 685//214 43//214 665//185
f 687//215 43//214 685//214
f 689//216 44//215 687//215
f 42//216 44//215 689//216
f 41//217 42//216 691//217
f 41//217 691//217 693//218
f 40//218 693//218 695//219
f 40//218 695//219 39//219
f 39//219 697//220 38//220
f 697//220 699//10 38//220
f 699//10 701//221 36//10
f 701//221 35//221 36//10
f 703//222 34//222 35//221
f 705//223 34//222 703//222
f 707//224 33//223 705//223
f 31//224 33//223 707//224
f 30//225 31//224 709//225
f 30//225 709//225 711//226
f 32//226 711//226 713//227
f 32//226 713//227 29//227
f 29//227 715//228 26//228
f 715//228 717//229 26//228
f 717//229 719//230 27//229
f 719//230 25//230 27//229
f 721//231 24//231 25//230
f 723//232 24//231 721//231
f 725//233 23//232 723//232
f 22//233 23//232 725//233
f 21//234 22//233 727//234
f 21//234 727//234 729//235
f 17//236 735//237 16//237
f 16//237 735//237 737//238
f 12//4 9//239 657//4
f 9//239 745//239 657//4
f 11//240 745//239 9//239
f 743//240 745//239 11//240
f 743//240 11//240 13//241
f 743//240 13//241 741//241
f 13//241 14//242 741//241
f 14//242 739//242 741//241
f 15//238 739//242 14//242
f 737//238 739//242 15//238
f 737//238 15//238 16//237
f 735//237 17//236 733//236
f 17//236 18//9 733//236
f 18//9 731//9 733//236
f 20//235 731//9 18//9
f 729//235 731//9 20//235
f 729//235 20//235 21//234
f 725//233 727//234 22//233
f 24//231 723//232 23//232
f 25//230 719//230 721//231
f 27//229 26//228 717//229
f 715//228 29//227 713//227
f 711//226 32//226 30//225
f 707//224 709//225 31//224
f 34//222 705//223 33//223
f 35//221 701//221 703//222
f 36//10 38//220 699//10
f 697//220 39//219 695//219
f 693//218 40//218 41//217
f 689//216 691//217 42//216
f 43//214 45//185 665//185
f 687//215 44//215 43//214
f 368//214 367//215 683//214
f 367//215 366//216 684//215
f 366//216 686//216 684//215
f 364//217 688//217 686//216
f 365//218 688//217 364//217
f 363//219 690//218 365//218
f 692//219 690//218 363//219
f 694//220 692//219 362//220
f 694//220 362//220 361//10
f 696//10 361//10 360//221
f 696//10 360//221 698//221
f 698//221 359//222 700//222
f 359//222 358//223 700//222
f 358//223 357//224 702//223
f 357//224 704//224 702//223
f 356//225 706//225 704//224
f 355//226 706//225 356//225
f 354//227 708//226 355//226
f 710//227 708//226 354//227
f 712//228 710//227 353//228
f 712//228 353//228 352//229
f 714//229 352//229 351//230
f 714//229 351//230 716//230
f 716//230 350//231 718//231
f 350//231 349//232 718//231
f 349//232 348//233 720//232
f 348//233 722//233 720//232
f 347//234 724//234 722//233
f 346//235 724//234 347//234
f 345//9 726//235 346//235
f 728//9 726//235 345//9
f 761//4 744//4 742//239
f 339//239 338//4 742//239
f 339//239 742//239 740//240
f 337//240 740//240 738//241
f 337//240 738//241 340//241
f 738//241 736//242 340//241
f 736//242 341//242 340//241
f 734//238 341//242 736//242
f 342//238 341//242 734//238
f 342//238 734//238 732//237
f 342//238 732//237 343//237
f 732//237 730//236 343//237
f 730//236 344//236 343//237
f 683//214 369//185 368//214
f 344//236 730//236 728//9
f 344//236 728//9 345//9
f 346//235 726//235 724//234
f 348//233 347//234 722//233
f 718//231 349//232 720//232
f 716//230 351//230 350//231
f 714//229 712//228 352//229
f 353//228 710//227 354//227
f 355//226 708//226 706//225
f 357//224 356//225 704//224
f 700//222 358//223 702//223
f 698//221 360//221 359//222
f 696//10 694//220 361//10
f 362//220 692//219 363//219
f 365//218 690//218 688//217
f 366//216 364//217 686//216
f 683//214 762//185 369//185
f 367//215 684//215 683//214
f 337//240 339//239 740//240
f 683//214 763//185 764//185
f 765//4 766//4 742//239
f 683//214 682//185 763//185
f 338//4 765//4 742//239
f 766//4 761//4 742//239
f 683//214 764//185 762//185
f 767//243 768//244 769//245
f 767//243 769//245 770//246
f 771//247 772//248 773//249
f 771//247 773//249 774//250
f 775//251 776//252 777//253
f 775//251 778//254 779//255
f 776//252 780//256 764//185
f 776//252 764//185 763//185
f 781//257 782//258 783//259
f 781//257 783//259 764//185
f 784//260 785//261 786//262
f 784//260 786//262 787//263
f 631//264 630//264 788//265
f 788//265 391//205 601//264
f 789//266 790//267 791//268
f 789//266 791//268 792//269
f 793//270 753//5 752//207
f 793//270 751//208 794//271
f 793//270 752//207 751//208
f 794//271 750//209 795//272
f 796//273 797//274 798//275
f 796//273 799//276 800//277
f 801//278 802//279 803//280
f 801//278 789//266 804//281
f 805//282 806//283 807//284
f 805//282 807//284 808//285
f 809//286 764//185 780//256
f 809//286 810//287 782//258
f 811//288 812//289 813//290
f 811//288 814//291 815//292
f 812//289 770//246 816//293
f 812//289 816//293 813//290
f 817//294 490//295 489//296
f 817//294 491//297 818//298
f 819//299 820//300 490//295
f 817//294 818//298 821//301
f 820//300 459//302 461//199
f 819//299 821//301 822//303
f 823//304 824//305 825//306
f 823//304 825//306 826//307
f 827//308 826//307 828//309
f 827//308 829//310 830//311
f 831//312 824//305 823//304
f 826//307 825//306 828//309
f 832//313 803//280 802//279
f 832//313 567//314 833//315
f 834//316 765//4 835//317
f 834//316 835//317 836//318
f 837//319 519//199 546//320
f 837//319 548//321 838//322
f 839//323 840//324 841//325
f 839//323 841//325 842//326
f 841//325 482//199 483//327
f 841//325 484//328 842//326
f 843//329 844//330 845//331
f 843//329 799//276 846//332
f 847//333 492//334 493//335
f 847//333 493//335 848//336
f 849//337 850//338 835//317
f 849//337 765//4 338//4
f 851//339 852//340 850//338
f 849//337 338//4 853//341
f 854//342 855//343 856//344
f 854//342 856//344 857//345
f 858//346 859//347 860//348
f 858//346 860//348 766//4
f 854//342 861//338 859//347
f 860//348 862//349 863//350
f 864//351 865//352 866//353
f 864//351 866//353 867//354
f 865//352 868//355 869//356
f 865//352 869//356 866//353
f 866//353 869//356 870//357
f 866//353 870//357 867//354
f 871//358 872//359 873//360
f 871//358 874//361 800//277
f 871//358 845//331 872//359
f 873//360 872//359 875//362
f 876//363 877//364 878//365
f 876//363 878//365 879//366
f 880//367 481//368 480//369
f 880//367 881//370 882//371
f 883//372 884//373 885//374
f 883//372 886//375 887//376
f 888//377 889//378 850//338
f 888//377 850//338 890//379
f 891//380 396//209 395//208
f 891//380 394//207 892//381
f 893//382 894//383 852//340
f 893//382 851//339 895//384
f 896//385 897//386 894//383
f 893//382 895//384 898//387
f 898//387 398//212 397//213
f 898//387 397//213 396//209
f 895//384 399//211 398//212
f 896//385 894//383 893//382
f 855//343 766//4 899//388
f 855//343 899//388 856//344
f 900//389 787//263 774//250
f 900//389 774//250 450//335
f 901//390 902//391 903//392
f 901//390 903//392 782//258
f 904//393 905//394 906//395
f 904//393 907//396 908//397
f 909//398 813//290 910//399
f 909//398 465//264 814//291
f 911//400 912//401 913//402
f 911//400 913//402 762//185
f 914//403 760//201 758//202
f 914//403 757//203 915//404
f 778//254 777//253 916//405
f 778//254 917//406 918//407
f 919//408 920//409 872//359
f 919//408 845//331 844//330
f 921//410 922//411 923//412
f 921//410 923//412 924//413
f 863//350 925//414 921//410
f 924//413 926//415 761//4
f 927//416 928//417 929//418
f 927//416 929//418 930//419
f 837//319 546//320 548//321
f 838//322 547//420 931//421
f 785//261 932//422 933//423
f 785//261 933//423 786//262
f 934//424 404//425 402//426
f 934//424 401//427 935//428
f 932//422 785//261 936//429
f 932//422 936//429 937//430
f 937//430 864//351 867//354
f 937//430 867//354 938//431
f 938//431 867//354 939//432
f 938//431 939//432 933//423
f 799//276 798//275 846//332
f 799//276 843//329 845//331
f 940//433 755//205 754//206
f 793//270 794//271 941//434
f 942//435 424//199 425//436
f 942//435 426//437 943//438
f 944//439 945//440 580//264
f 944//439 579//441 946//442
f 947//443 948//444 884//373
f 947//443 883//372 949//445
f 944//439 950//446 951//447
f 945//440 951//447 948//444
f 947//443 952//448 953//449
f 948//444 953//449 954//450
f 797//274 955//451 956//452
f 797//274 956//452 957//453
f 926//415 924//413 923//412
f 926//415 922//411 958//454
f 959//455 430//456 432//457
f 959//455 431//458 960//459
f 961//460 930//419 962//461
f 961//460 962//461 963//462
f 964//463 929//418 965//464
f 964//463 965//464 966//465
f 967//466 968//467 969//468
f 967//466 970//469 608//335
f 821//301 454//470 453//471
f 821//301 452//472 822//303
f 922//411 971//473 958//454
f 922//411 926//415 923//412
f 458//335 450//335 774//250
f 458//335 773//249 435//335
f 786//262 772//248 771//247
f 972//474 973//475 974//476
f 972//474 974//476 770//246
f 975//477 508//335 509//478
f 975//477 513//479 976//480
f 804//281 792//269 875//362
f 804//281 977//481 801//278
f 832//313 970//469 803//280
f 804//281 875//362 977//481
f 978//482 423//483 422//484
f 978//482 815//292 814//291
f 979//485 980//486 981//487
f 979//485 912//401 982//488
f 979//485 981//487 912//401
f 982//488 911//400 762//185
f 874//361 955//451 800//277
f 874//361 873//360 792//269
f 874//361 871//358 873//360
f 875//362 920//409 977//481
f 769//245 972//474 770//246
f 767//243 811//288 768//244
f 516//335 508//335 983//489
f 983//489 984//490 985//491
f 986//492 987//493 988//494
f 986//492 967//466 989//495
f 990//496 379//193 378//192
f 990//496 377//7 991//497
f 632//335 623//335 989//495
f 632//335 989//495 608//335
f 989//495 990//496 986//492
f 990//496 378//192 377//7
f 991//497 376//191 992//498
f 988//494 791//268 993//499
f 988//494 993//499 968//467
f 994//500 995//501 996//502
f 994//500 919//408 844//330
f 997//503 998//504 999//505
f 997//503 999//505 1000//246
f 1001//506 1002//507 1003//508
f 1001//506 769//245 1004//374
f 1005//509 1006//510 1007//511
f 1005//509 1008//512 918//407
f 778//254 916//405 917//406
f 918//407 917//406 1009//513
f 1010//514 1011//515 1012//516
f 1010//514 1013//517 1014//518
f 1015//519 679//187 678//188
f 1015//519 677//189 1014//518
f 1014//518 677//189 676//190
f 675//191 1016//520 1010//514
f 970//469 790//267 803//280
f 970//469 832//313 833//315
f 983//489 829//310 984//490
f 985//491 984//490 1017//521
f 848//336 493//335 985//491
f 1017//521 1018//522 1019//309
f 909//398 811//288 813//290
f 910//399 813//290 1020//523
f 1021//524 465//264 910//399
f 1020//523 816//293 1000//246
f 1022//525 682//185 681//184
f 1022//525 679//187 1023//526
f 573//335 1024//527 551//335
f 1025//528 920//409 1024//527
f 1026//529 999//505 998//504
f 1026//529 998//504 1027//530
f 947//443 953//449 948//444
f 884//373 951//447 1028//531
f 1029//532 434//533 435//335
f 1029//532 1030//534 1031//535
f 1032//536 431//458 433//537
f 1032//536 434//533 1033//538
f 1034//539 852//340 894//383
f 1034//539 894//383 1035//540
f 999//505 1036//541 1000//246
f 997//503 973//475 998//504
f 999//505 1026//529 1037//374
f 1036//541 1038//531 1021//524
f 897//386 952//448 1035//540
f 897//386 1035//540 894//383
f 898//387 896//385 893//382
f 891//380 897//386 896//385
f 1039//542 1040//543 1013//517
f 1039//542 1013//517 939//432
f 1013//517 1012//516 939//432
f 1039//542 870//357 1040//543
f 1041//544 836//318 1042//545
f 1041//544 963//462 1043//546
f 1044//547 1045//548 899//388
f 1044//547 766//4 765//4
f 904//393 1046//549 905//394
f 906//395 905//394 913//402
f 907//396 1047//550 908//397
f 906//395 913//402 1048//551
f 1042//545 836//318 889//378
f 1042//545 890//379 963//462
f 993//499 969//468 968//467
f 991//497 1047//550 987//493
f 891//380 395//208 394//207
f 892//381 393//5 1049//552
f 1049//552 393//5 392//206
f 788//265 630//264 1050//553
f 1051//554 1052//555 1053//556
f 1051//554 1053//556 877//364
f 1047//550 907//396 1054//557
f 1047//550 1054//557 987//493
f 1055//558 1056//559 1057//560
f 1055//558 1057//560 915//404
f 1058//561 1059//562 1060//563
f 1058//561 1060//563 1006//510
f 1061//564 1062//510 844//330
f 1061//564 843//329 831//312
f 950//446 538//565 543//566
f 950//446 1063//567 951//447
f 924//413 860//348 863//350
f 925//414 971//473 922//411
f 1064//568 1065//569 792//269
f 1064//568 792//269 791//268
f 1066//570 1067//419 808//285
f 1066//570 808//285 1068//244
f 1018//522 984//490 829//310
f 1018//522 828//309 1069//571
f 1018//522 829//310 828//309
f 1069//571 825//306 1070//572
f 811//288 767//243 812//289
f 816//293 770//246 974//476
f 974//476 997//503 1000//246
f 1020//523 813//290 816//293
f 1071//573 1072//574 1073//575
f 1071//573 1057//560 1056//559
f 952//448 947//443 949//445
f 952//448 949//445 1035//540
f 870//357 1023//526 1040//543
f 1039//542 939//432 867//354
f 1074//576 1075//577 1076//447
f 1074//576 457//264 407//264
f 1074//576 1073//575 1072//574
f 1075//577 1072//574 1004//374
f 922//411 921//410 925//414
f 971//473 1077//578 1002//507
f 1078//579 827//308 830//311
f 1078//579 830//311 1079//580
f 1080//581 916//405 777//253
f 1080//581 777//253 763//185
f 928//417 927//416 1081//582
f 928//417 1082//583 1083//567
f 962//461 1084//584 1085//585
f 962//461 1043//546 963//462
f 929//418 964//463 1084//584
f 961//460 886//375 930//419
f 1018//522 1017//521 984//490
f 829//310 983//489 1086//586
f 1087//587 1088//588 1089//589
f 1087//587 1084//584 807//284
f 1090//590 806//283 1091//379
f 1090//590 1092//591 1093//338
f 975//477 976//480 1094//592
f 995//501 1062//510 1078//579
f 1067//419 806//283 805//282
f 808//285 1095//593 1068//244
f 1096//594 811//288 815//292
f 1096//594 815//292 428//264
f 1041//544 1042//545 963//462
f 1043//546 962//461 1085//585
f 1055//558 755//205 1056//559
f 1057//560 1071//573 1073//575
f 954//450 953//449 1050//553
f 954//450 1050//553 580//264
f 1038//531 1068//244 1097//567
f 1038//531 1097//567 1098//447
f 1028//531 951//447 1063//567
f 1028//531 1081//582 885//374
f 1092//591 856//344 1093//338
f 1092//591 1090//590 1091//379
f 806//283 1067//419 1091//379
f 1090//590 1093//338 1088//588
f 1099//595 785//261 784//260
f 784//260 787//263 1006//510
f 955//451 874//361 980//486
f 955//451 979//485 956//452
f 1087//587 806//283 1088//588
f 1089//589 1088//588 1100//596
f 1030//534 773//249 1101//597
f 1030//534 1102//598 1011//515
f 1103//599 903//392 902//391
f 1103//599 902//391 846//332
f 902//391 831//312 846//332
f 1103//599 783//259 903//392
f 1104//600 372//187 371//186
f 1104//600 370//184 1105//601
f 827//308 828//309 829//310
f 1086//586 983//489 508//335
f 1060//563 848//336 1106//602
f 1060//563 1007//511 1006//510
f 1065//569 1064//568 1107//603
f 1065//569 1107//603 980//486
f 1105//601 762//185 913//402
f 1105//601 913//402 905//394
f 1023//526 870//357 869//356
f 1022//525 681//184 680//186
f 1108//604 798//275 797//274
f 957//453 982//488 762//185
f 1109//605 882//371 1110//567
f 1109//605 1110//567 966//465
f 840//324 511//606 510//607
f 840//324 837//319 838//322
f 931//421 512//608 511//606
f 838//322 548//321 547//420
f 868//355 1111//609 763//185
f 868//355 763//185 682//185
f 1100//596 1045//548 1043//546
f 962//461 929//418 1084//584
f 1095//593 1110//567 1068//244
f 1095//593 808//285 807//284
f 982//488 956//452 979//485
f 981//487 980//486 1107//603
f 1112//610 861//338 857//345
f 1112//610 1027//530 998//504
f 1112//610 857//345 1027//530
f 1026//529 1067//419 1037//374
f 920//409 1025//528 977//481
f 920//409 875//362 872//359
f 1082//583 544//264 1083//567
f 1082//583 928//417 1081//582
f 1113//611 936//429 917//406
f 1113//611 916//405 1111//609
f 1111//609 868//355 865//352
f 1113//611 917//406 916//405
f 1114//612 899//388 1045//548
f 1114//612 1100//596 1088//588
f 1041//544 1043//546 1045//548
f 1114//612 1088//588 1093//338
f 995//501 1094//592 996//502
f 994//500 844//330 1062//510
f 821//301 453//471 452//472
f 822//303 942//435 820//300
f 818//298 454//470 821//301
f 819//299 490//295 817//294
f 818//298 491//297 492//334
f 847//333 848//336 1059//562
f 1115//613 1051//554 877//364
f 876//363 879//366 1116//614
f 1115//613 958//454 1117//615
f 1117//615 1052//555 1051//554
f 879//366 744//4 1116//614
f 877//364 1053//556 878//365
f 886//375 885//374 930//419
f 961//460 963//462 890//379
f 949//445 887//376 1035//540
f 892//381 1049//552 953//449
f 887//376 1034//539 1035//540
f 884//373 1028//531 885//374
f 840//324 482//199 841//325
f 842//326 484//328 1118//616
f 1044//547 765//4 834//316
f 836//318 1041//544 834//316
f 1085//585 1089//589 1100//596
f 836//318 835//317 889//378
f 1081//582 1028//531 1063//567
f 1063//567 544//264 1082//583
f 1083//567 965//464 928//417
f 1042//545 888//377 890//379
f 811//288 909//398 814//291
f 815//292 427//617 428//264
f 1025//528 802//279 977//481
f 920//409 919//408 996//502
f 822//303 424//199 942//435
f 943//438 426//437 1119//618
f 881//370 485//619 486//264
f 881//370 1097//567 1068//244
f 1118//616 521//620 520//621
f 841//325 483//327 484//328
f 1118//616 481//368 880//367
f 881//370 1068//244 1110//567
f 1103//599 846//332 1108//604
f 957//453 762//185 764//185
f 835//317 850//338 889//378
f 1045//548 1044//547 1041//544
f 630//264 580//264 1050//553
f 951//447 884//373 948//444
f 1120//622 794//271 795//272
f 1120//622 795//272 1052//555
f 1102//598 1012//516 1011//515
f 1102//598 1030//534 1101//597
f 1080//581 1111//609 916//405
f 778//254 918//407 779//255
f 776//252 763//185 777//253
f 1005//509 1007//511 1008//512
f 1106//602 1017//521 1019//309
f 1106//602 1019//309 1007//511
f 1059//562 848//336 1060//563
f 1007//511 1121//623 1008//512
f 1048//551 912//401 981//487
f 873//360 875//362 792//269
f 1048//551 913//402 912//401
f 1064//568 791//268 1054//557
f 907//396 906//395 1048//551
f 912//401 911//400 982//488
f 957//453 783//259 1108//604
f 796//273 955//451 797//274
f 980//486 979//485 955//451
f 764//185 783//259 957//453
f 907//396 904//393 906//395
f 406//624 915//404 1057//560
f 1071//573 941//434 1072//574
f 1122//625 575//626 574//627
f 1122//625 604//628 1123//629
f 1124//630 541//631 542//632
f 1124//630 539//633 946//442
f 1054//557 1107//603 1064//568
f 789//266 801//278 790//267
f 854//342 857//345 861//338
f 859//347 861//338 862//349
f 761//4 766//4 860//348
f 862//349 1112//610 973//475
f 907//396 1107//603 1054//557
f 1047//550 991//497 992//498
f 992//498 376//191 375//190
f 992//498 374//189 1046//549
f 975//477 509//478 513//479
f 931//421 547//420 549//634
f 976//480 550//635 551//335
f 1094//592 1024//527 996//502
f 825//306 824//305 1070//572
f 825//306 1069//571 828//309
f 1016//520 675//191 674//7
f 1016//520 672//193 1031//535
f 1029//532 435//335 1030//534
f 1102//598 939//432 1012//516
f 1067//419 1026//529 1027//530
f 1067//419 1027//530 1091//379
f 1095//593 966//465 1110//567
f 881//370 486//264 1097//567
f 917//406 936//429 1009//513
f 775//251 777//253 778//254
f 1115//613 1117//615 1051//554
f 1053//556 1052//555 795//272
f 1121//623 1125//636 1008//512
f 1121//623 1007//511 1019//309
f 1125//636 779//255 1008//512
f 1121//623 1069//571 1070//572
f 779//255 918//407 1008//512
f 1009//513 1005//509 918//407
f 776//252 775//251 780//256
f 1125//636 1070//572 810//287
f 1122//625 576//199 603//637
f 1123//629 605//638 1126//639
f 1123//629 604//628 605//638
f 1126//639 607//640 833//315
f 860//348 859//347 862//349
f 862//349 973//475 925//414
f 1127//641 971//473 1002//507
f 1127//641 1001//506 1120//622
f 1003//508 1002//507 1077//578
f 1003//508 769//245 1001//506
f 1001//506 1127//641 1002//507
f 1077//578 971//473 925//414
f 924//413 863//350 921//410
f 971//473 1127//641 1117//615
f 958//454 971//473 1117//615
f 1127//641 1120//622 1052//555
f 972//474 1003//508 1077//578
f 1115//613 1116//614 958//454
f 925//414 973//475 1077//578
f 769//245 768//244 1004//374
f 876//363 1116//614 1115//613
f 879//366 746//210 744//4
f 810//287 824//305 901//390
f 782//258 781//257 809//286
f 790//267 970//469 969//468
f 987//493 1054//557 791//268
f 1126//639 606//642 607//640
f 967//466 969//468 970//469
f 965//464 1083//567 966//465
f 964//463 807//284 1084//584
f 792//269 1065//569 874//361
f 957//453 1108//604 797//274
f 856//344 899//388 1093//338
f 1092//591 1091//379 857//345
f 1119//618 463//643 462//644
f 942//435 425//436 426//437
f 1119//618 423//483 978//482
f 770//246 812//289 767//243
f 1102//598 933//423 939//432
f 1012//516 1013//517 1010//514
f 1016//520 674//7 673//192
f 1031//535 671//194 1029//532
f 1031//535 672//193 671//194
f 1033//538 669//196 1032//536
f 960//459 431//458 1032//536
f 1033//538 670//195 669//196
f 403//199 430//456 959//455
f 960//459 667//197 666//198
f 1128//645 404//425 934//424
f 935//428 668//199 759//200
f 915//404 406//624 405//646
f 1128//645 760//201 914//403
f 1075//577 1074//576 1072//574
f 915//404 757//203 756//204
f 941//434 1120//622 1072//574
f 1056//559 755//205 940//433
f 843//329 1061//564 844//330
f 845//331 919//408 872//359
f 933//423 772//248 786//262
f 932//422 937//430 938//431
f 933//423 1102//598 772//248
f 786//262 771//247 787//263
f 853//341 338//4 400//210
f 853//341 895//384 849//337
f 853//341 399//211 895//384
f 852//340 1034//539 890//379
f 849//337 851//339 850//338
f 889//378 888//377 1042//545
f 1085//585 1100//596 1043//546
f 895//384 851//339 849//337
f 886//375 961//460 890//379
f 1124//630 542//632 539//633
f 951//447 945//440 944//439
f 831//312 843//329 846//332
f 902//391 901//390 824//305
f 1097//567 486//264 1098//447
f 1038//531 1036//541 1037//374
f 954//450 580//264 945//440
f 1063//567 950//446 544//264
f 885//374 1081//582 927//416
f 1083//567 523//264 1109//605
f 1023//526 1015//519 1040//543
f 1016//520 1011//515 1010//514
f 785//261 1099//595 936//429
f 1113//611 864//351 937//430
f 1009//513 936//429 1099//595
f 787//263 900//389 1059//562
f 993//499 790//267 969//468
f 968//467 967//466 986//492
f 799//276 796//273 798//275
f 1108//604 783//259 1103//599
f 1021//524 1038//531 1098//447
f 1021//524 515//264 465//264
f 1058//561 787//263 1059//562
f 1059//562 1129//647 847//333
f 804//281 789//266 792//269
f 970//469 833//315 608//335
f 999//505 1037//374 1036//541
f 1021//524 910//399 1020//523
f 768//244 1075//577 1004//374
f 1003//508 972//474 769//245
f 1096//594 1076//447 768//244
f 863//350 862//349 925//414
f 1094//592 995//501 1079//580
f 1062//510 826//307 827//308
f 1086//586 1079//580 830//311
f 831//312 823//304 826//307
f 1099//595 1006//510 1005//509
f 848//336 985//491 1017//521
f 1114//612 1045//548 1100//596
f 1089//589 1084//584 1087//587
f 1110//567 882//371 881//370
f 950//446 543//566 544//264
f 927//416 930//419 885//374
f 1076//447 1096//594 428//264
f 1059//562 900//389 450//335
f 1129//647 492//334 847//333
f 1027//530 857//345 1091//379
f 1066//570 1038//531 1037//374
f 892//381 897//386 891//380
f 892//381 953//449 952//448
f 1108//604 846//332 798//275
f 800//277 955//451 796//273
f 883//372 887//376 949//445
f 396//209 896//385 898//387
f 772//248 1102//598 1101//597
f 772//248 1101//597 773//249
f 1062//510 827//308 1078//579
f 903//392 783//259 782//258
f 1004//374 1072//574 1120//622
f 1053//556 749//213 878//365
f 1048//551 1107//603 907//396
f 791//268 988//494 987//493
f 908//397 1046//549 904//393
f 371//186 370//184 1104//600
f 826//307 1062//510 1061//564
f 1062//510 995//501 994//500
f 800//277 799//276 845//331
f 1086//586 508//335 1079//580
f 1044//547 834//316 1041//544
f 1105//601 369//185 762//185
f 899//388 1114//612 1093//338
f 1087//587 807//284 806//283
f 802//279 1025//528 566//335
f 833//315 607//640 608//335
f 990//496 989//495 379//193
f 1048//551 981//487 1107//603
f 845//331 871//358 800//277
f 824//305 831//312 902//391
f 1094//592 551//335 1024//527
f 938//431 933//423 932//422
f 1009//513 1099//595 1005//509
f 858//346 854//342 859//347
f 1112//610 998//504 973//475
f 1030//534 435//335 773//249
f 1113//611 937//430 936//429
f 1089//589 1085//585 1084//584
f 807//284 966//465 1095//593
f 1120//622 1001//506 1004//374
f 1074//576 407//264 1073//575
f 940//433 753//5 793//270
f 795//272 750//209 1053//556
f 870//357 1039//542 867//354
f 787//263 1058//561 1006//510
f 810//287 1070//572 824//305
f 810//287 809//286 780//256
f 1046//549 373//188 372//187
f 1046//549 372//187 1104//600
f 856//344 1092//591 857//345
f 997//503 974//476 973//475
f 671//194 1033//538 1029//532
f 773//249 458//335 774//250
f 1083//567 544//264 523//264
f 966//465 807//284 964//463
f 966//465 1083//567 1109//605
f 480//369 485//619 881//370
f 1034//539 887//376 890//379
f 930//419 929//418 962//461
f 868//355 682//185 1022//525
f 865//352 1113//611 1111//609
f 1036//541 1021//524 1020//523
f 422//484 427//617 815//292
f 1106//602 848//336 1017//521
f 985//491 516//335 983//489
f 377//7 376//191 991//497
f 957//453 956//452 982//488
f 1121//623 1070//572 1125//636
f 826//307 1061//564 831//312
f 878//365 747//211 746//210
f 878//365 746//210 879//366
f 883//372 885//374 886//375
f 858//346 766//4 855//343
f 1088//588 806//283 1090//590
f 1068//244 1038//531 1066//570
f 1024//527 573//335 1025//528
f 790//267 801//278 803//280
f 1086//586 830//311 829//310
f 919//408 994//500 996//502
f 679//187 1015//519 1023//526
f 1014//518 676//190 675//191
f 761//4 1116//614 744//4
f 809//286 781//257 764//185
f 1112//610 862//349 861//338
f 1096//594 768//244 811//288
f 884//373 883//372 947//443
f 1063//567 1082//583 1081//582
f 1104//600 1105//601 905//394
f 370//184 369//185 1105//601
f 1019//309 1018//522 1069//571
f 1079//580 995//501 1078//579
f 1037//374 1067//419 1066//570
f 1036//541 1020//523 1000//246
f 855//343 854//342 858//346
f 972//474 1077//578 973//475
f 1104//600 905//394 1046//549
f 1060//563 1106//602 1007//511
f 810//287 780//256 1125//636
f 1000//246 816//293 974//476
f 1117//615 1127//641 1052//555
f 954//450 945//440 948//444
f 965//464 929//418 928//417
f 538//565 950//446 946//442
f 890//379 887//376 886//375
f 538//565 946//442 539//633
f 897//386 892//381 952//448
f 944//439 946//442 950//446
f 393//5 892//381 394//207
f 579//441 578//648 946//442
f 946//442 578//648 1124//630
f 578//648 577//649 1124//630
f 1122//625 540//199 541//631
f 1122//625 1123//629 540//199
f 601//264 631//264 788//265
f 574//627 576//199 1122//625
f 802//279 566//335 832//313
f 802//279 801//278 977//481
f 967//466 608//335 989//495
f 379//193 989//495 623//335
f 567//314 571//650 833//315
f 567//314 832//313 566//335
f 571//650 570//651 1126//639
f 605//638 606//642 1126//639
f 1126//639 833//315 571//650
f 1126//639 569//652 1123//629
f 1126//639 570//651 569//652
f 569//652 568//653 1123//629
f 604//628 1122//625 603//637
f 1123//629 568//653 540//199
f 388//202 599//654 596//655
f 1049//552 788//265 1050//553
f 389//203 596//655 595//656
f 577//649 1122//625 1124//630
f 1049//552 392//206 391//205
f 761//4 860//348 924//413
f 480//369 881//370 880//367
f 882//371 523//264 522//657
f 1109//605 523//264 882//371
f 1118//616 484//328 481//368
f 522//657 521//620 1118//616
f 1118//616 520//621 842//326
f 518//658 517//659 842//326
f 840//324 510//607 482//199
f 517//659 837//319 842//326
f 1079//580 975//477 1094//592
f 1019//309 1069//571 1121//623
f 874//361 1065//569 980//486
f 1024//527 920//409 996//502
f 1046//549 908//397 992//498
f 908//397 1047//550 992//498
f 987//493 986//492 991//497
f 513//479 512//608 931//421
f 623//335 381//194 379//193
f 624//660 381//194 623//335
f 840//324 839//323 837//319
f 628//661 382//196 380//195
f 837//319 517//659 519//199
f 627//662 383//197 382//196
f 976//480 549//634 550//635
f 625//663 597//199 385//199
f 598//664 387//201 386//200
f 580//264 579//441 944//439
f 518//658 842//326 520//621
f 877//364 876//363 1115//613
f 422//484 815//292 978//482
f 814//291 465//264 464//665
f 1021//524 1098//447 515//264
f 910//399 465//264 909//398
f 1119//618 426//437 423//483
f 464//665 463//643 1119//618
f 1119//618 462//644 943//438
f 460//666 820//300 943//438
f 822//303 452//472 424//199
f 943//438 820//300 942//435
f 516//335 985//491 493//335
f 1113//611 865//352 864//351
f 374//189 373//188 1046//549
f 810//287 901//390 782//258
f 374//189 992//498 375//190
f 1006//510 1099//595 784//260
f 791//268 790//267 993//499
f 990//496 991//497 986//492
f 455//667 454//470 818//298
f 988//494 968//467 986//492
f 624//660 380//195 381//194
f 490//295 820//300 488//668
f 626//669 383//197 627//662
f 488//668 820//300 461//199
f 385//199 597//199 386//200
f 625//663 384//198 626//669
f 508//335 975//477 1079//580
f 598//664 599//654 387//201
f 388//202 596//655 389//203
f 515//264 1098//447 486//264
f 464//665 1119//618 978//482
f 1075//577 768//244 1076//447
f 1076//447 457//264 1074//576
f 1120//622 941//434 794//271
f 756//204 755//205 1055//558
f 407//264 406//624 1057//560
f 407//264 1057//560 1073//575
f 915//404 405//646 914//403
f 1128//645 759//200 760//201
f 404//425 1128//645 405//646
f 934//424 759//200 1128//645
f 1076//447 428//264 457//264
f 401//427 934//424 402//426
f 403//199 959//455 935//428
f 935//428 959//455 666//198
f 432//457 431//458 959//455
f 1011//515 1031//535 1030//534
f 673//192 672//193 1016//520
f 624//660 628//661 380//195
f 627//662 382//196 628//661
f 383//197 626//669 384//198
f 625//663 385//199 384//198
f 573//335 566//335 1025//528
f 597//199 598//664 386//200
f 599//654 388//202 387//201
f 976//480 513//479 931//421
f 1022//525 1023//526 869//356
f 595//656 390//204 389//203
f 763//185 1111//609 1080//581
f 595//656 600//619 390//204
f 1022//525 869//356 868//355
f 455//667 1129//647 451//670
f 779//255 1125//636 780//256
f 1122//625 577//649 575//626
f 1055//558 915//404 756//204
f 896//385 396//209 891//380
f 1129//647 1059//562 450//335
f 931//421 549//634 976//480
f 1015//519 1014//518 1040//543
f 511//606 838//322 931//421
f 489//296 491//297 817//294
f 678//188 677//189 1015//519
f 1040//543 1014//518 1013//517
f 818//298 1129//647 455//667
f 838//322 511//606 840//324
f 1031//535 1011//515 1016//520
f 492//334 1129//647 818//298
f 391//205 390//204 601//264
f 434//533 1029//532 1033//538
f 1032//536 669//196 960//459
f 842//326 837//319 839//323
f 1049//552 1050//553 953//449
f 666//198 959//455 960//459
f 667//197 960//459 669//196
f 522//657 1118//616 880//367
f 460//666 459//302 820//300
f 403//199 935//428 401//427
f 666//198 668//199 935//428
f 462//644 460//666 943//438
f 978//482 814//291 464//665
f 914//403 758//202 757//203
f 1071//573 1056//559 940//433
f 761//4 926//415 1116//614
f 1067//419 805//282 808//285
f 878//365 748//212 747//211
f 766//4 1044//547 899//388
f 780//256 775//251 779//255
f 750//209 749//213 1053//556
f 893//382 852//340 851//339
f 750//209 794//271 751//208
f 765//4 849//337 835//317
f 940//433 793//270 941//434
f 400//210 399//211 853//341
f 926//415 958//454 1116//614
f 852//340 890//379 850//338
f 753//5 940//433 754//206
f 898//387 895//384 398//212
f 391//205 788//265 1049//552
f 941//434 1071//573 940//433
f 405//646 1128//645 914//403
f 522//657 880//367 882//371
f 935//428 759//200 934//424
f 822//303 820//300 819//299
f 1033//538 671//194 670//195
f 821//301 819//299 817//294
f 434//533 1032//536 433//537
f 1122//625 541//631 1124//630
f 1014//518 675//191 1010//514
f 600//619 601//264 390//204
f 1022//525 680//186 679//187
f 450//335 451//670 1129//647
f 1094//592 976//480 551//335
f 774//250 787//263 771//247
f 878//365 749//213 748//212
